size_sqft,bedrooms,bathrooms,year_built,garage_spaces,floors,lot_size_sqft,has_pool,neighborhood,price
992.0,6.0,2.5,1997.0,1.0,2.0,9198.0,0.0,Downtown,419262.41
4006.0,1.0,4.5,2002.0,0.0,2.0,15377.0,1.0,Rural,456521.48
3480.0,3.0,1.5,1969.0,2.0,1.0,3607.0,0.0,Suburbs,522940.05
2531.0,3.0,2.5,1976.0,2.0,1.0,18229.0,0.0,Rural,315700.19
2505.0,5.0,4.0,2019.0,1.0,2.0,11280.0,1.0,Uptown,603137.57
4378.0,1.0,4.0,2013.0,3.0,2.0,12776.0,0.0,Suburbs,669765.69
978.0,3.0,2.0,1980.0,2.0,2.0,5409.0,0.0,Uptown,320237.45
3669.0,1.0,3.5,1967.0,0.0,1.0,11514.0,1.0,Downtown,802782.3
1486.0,5.0,1.0,1972.0,3.0,2.0,2056.0,1.0,Rural,180161.99
1014.0,4.0,1.0,1989.0,0.0,1.0,18023.0,0.0,Suburbs,289617.78
2917.0,3.0,2.0,1991.0,2.0,1.0,15480.0,1.0,Suburbs,514419.47
4893.0,3.0,4.5,1963.0,1.0,2.0,10180.0,0.0,Downtown,1070593.47
3838.0,1.0,3.5,1954.0,2.0,2.0,17045.0,0.0,Suburbs,612714.46
3949.0,6.0,2.5,1986.0,3.0,2.0,16609.0,0.0,Suburbs,712162.65
3757.0,4.0,2.5,2009.0,2.0,3.0,4143.0,0.0,Suburbs,625179.08
4059.0,2.0,1.0,1961.0,2.0,3.0,2969.0,0.0,Waterfront,910726.79
2858.0,3.0,2.0,1980.0,3.0,2.0,6564.0,1.0,Suburbs,506481.18
1163.0,5.0,1.0,1961.0,2.0,3.0,2023.0,0.0,Downtown,372061.7
4295.0,5.0,1.5,1967.0,3.0,1.0,12316.0,0.0,Uptown,863613.65
2582.0,3.0,3.5,1995.0,1.0,3.0,11509.0,0.0,Suburbs,485212.52
2802.0,2.0,1.0,1971.0,0.0,2.0,11684.0,0.0,Uptown,536584.27
2231.0,4.0,1.0,1969.0,0.0,3.0,3325.0,0.0,Rural,269872.41
1403.0,4.0,3.0,2023.0,2.0,3.0,18528.0,1.0,Downtown,570245.9
4678.0,4.0,2.5,1962.0,2.0,3.0,19578.0,0.0,Uptown,967298.78
4039.0,1.0,2.0,1964.0,0.0,3.0,12630.0,0.0,Downtown,875921.72
3433.0,3.0,1.5,2018.0,0.0,1.0,2099.0,0.0,Downtown,728557.21
2371.0,4.0,1.0,1990.0,3.0,1.0,9127.0,0.0,Downtown,624654.99
4220.0,6.0,2.5,1953.0,2.0,2.0,14927.0,0.0,Downtown,990502.21
3000.0,4.0,3.5,1981.0,3.0,2.0,15477.0,1.0,Suburbs,600795.28
2551.0,3.0,2.0,1991.0,0.0,1.0,6381.0,0.0,Waterfront,703347.53
2582.0,4.0,3.5,1968.0,0.0,3.0,16809.0,0.0,Waterfront,782964.73
1600.0,2.0,3.5,1990.0,1.0,1.0,19416.0,0.0,Downtown,533130.92
1005.0,1.0,2.5,1997.0,3.0,3.0,11156.0,0.0,Waterfront,477669.67
3040.0,5.0,2.5,1968.0,2.0,1.0,8868.0,0.0,Rural,349738.31
4507.0,6.0,2.0,2010.0,3.0,2.0,11470.0,0.0,Uptown,895355.81
880.0,6.0,1.0,1983.0,1.0,3.0,2491.0,1.0,Rural,188069.25
4377.0,4.0,3.5,2021.0,1.0,2.0,11422.0,0.0,Uptown,875536.91
4242.0,1.0,3.0,1956.0,2.0,3.0,2484.0,0.0,Suburbs,575471.81
1818.0,6.0,2.0,1973.0,3.0,3.0,2626.0,0.0,Uptown,470376.05
3379.0,3.0,2.0,2003.0,1.0,3.0,11961.0,1.0,Rural,447577.83
1327.0,2.0,2.0,2016.0,2.0,2.0,11194.0,0.0,Rural,183543.44
3936.0,6.0,3.0,1966.0,3.0,3.0,19761.0,0.0,Downtown,1018613.12
3683.0,5.0,4.0,2022.0,1.0,2.0,11138.0,1.0,Waterfront,978573.31
2160.0,5.0,1.5,1964.0,3.0,3.0,19636.0,0.0,Suburbs,467772.83
898.0,2.0,2.5,1980.0,2.0,3.0,16528.0,1.0,Waterfront,540732.9
4872.0,6.0,1.0,1973.0,3.0,1.0,8071.0,0.0,Suburbs,735786.9
2561.0,3.0,2.0,1981.0,1.0,2.0,18671.0,0.0,Downtown,688073.46
4530.0,4.0,1.5,2016.0,2.0,3.0,10689.0,1.0,Waterfront,1203463.66
3583.0,5.0,2.0,2004.0,1.0,1.0,12709.0,0.0,Uptown,710719.41
4025.0,4.0,2.0,2008.0,2.0,3.0,3808.0,0.0,Suburbs,626842.37
3944.0,2.0,2.0,1968.0,1.0,1.0,5826.0,0.0,Downtown,804379.33
1456.0,2.0,2.0,2020.0,2.0,3.0,11399.0,1.0,Downtown,555479.02
2201.0,3.0,4.0,1982.0,3.0,3.0,6882.0,1.0,Downtown,592288.48
2654.0,6.0,4.0,1998.0,1.0,1.0,12795.0,0.0,Waterfront,805589.52
2790.0,5.0,1.5,2001.0,1.0,3.0,3438.0,1.0,Downtown,658857.11
792.0,3.0,2.5,1999.0,1.0,1.0,6519.0,0.0,Downtown,284988.7
3005.0,5.0,4.0,1994.0,2.0,2.0,13973.0,0.0,Waterfront,928769.07
1279.0,5.0,3.5,1985.0,2.0,3.0,13018.0,0.0,Waterfront,559658.29
3871.0,3.0,1.5,1997.0,2.0,1.0,19706.0,0.0,Suburbs,646760.82
3606.0,3.0,3.0,2016.0,0.0,1.0,18195.0,1.0,Rural,433580.35
4660.0,6.0,1.0,1978.0,0.0,2.0,16592.0,0.0,Uptown,908619.32
3877.0,4.0,1.5,1987.0,0.0,2.0,2017.0,0.0,Uptown,690561.17
2213.0,1.0,3.0,1963.0,3.0,1.0,12845.0,0.0,Suburbs,385173.87
4858.0,5.0,3.0,1976.0,3.0,2.0,6121.0,1.0,Rural,527467.26
2408.0,4.0,4.0,2007.0,0.0,1.0,6804.0,1.0,Waterfront,707147.83
2033.0,4.0,2.0,1997.0,0.0,1.0,5778.0,0.0,Rural,234070.08
4585.0,5.0,4.0,1965.0,3.0,1.0,10206.0,0.0,Waterfront,1167124.16
2230.0,6.0,2.0,1990.0,2.0,1.0,4230.0,0.0,Downtown,580767.24
935.0,2.0,3.0,2010.0,1.0,3.0,11572.0,0.0,Rural,177785.82
2666.0,3.0,1.5,1959.0,2.0,3.0,4989.0,1.0,Waterfront,728020.65
4101.0,2.0,1.0,1954.0,0.0,2.0,11008.0,0.0,Uptown,805915.59
1433.0,4.0,4.5,1979.0,0.0,3.0,13267.0,0.0,Waterfront,604522.83
2637.0,3.0,4.5,1998.0,1.0,2.0,5234.0,0.0,Suburbs,427257.75
1171.0,3.0,4.5,1973.0,3.0,3.0,3848.0,0.0,Waterfront,434354.81
3621.0,5.0,2.5,2010.0,3.0,1.0,16513.0,1.0,Waterfront,1048530.92
2693.0,3.0,1.0,2012.0,0.0,1.0,15294.0,0.0,Rural,362587.35
2053.0,3.0,4.0,1989.0,2.0,3.0,6706.0,0.0,Rural,269539.77
1598.0,3.0,3.0,1978.0,3.0,1.0,17967.0,0.0,Uptown,494235.61
3084.0,2.0,1.5,1953.0,3.0,3.0,5981.0,1.0,Suburbs,561909.18
3547.0,1.0,4.5,2010.0,3.0,2.0,18679.0,1.0,Uptown,823282.13
4738.0,5.0,4.5,2016.0,0.0,2.0,4039.0,0.0,Waterfront,1158384.22
2523.0,1.0,2.0,1982.0,0.0,2.0,13883.0,0.0,Downtown,623095.52
1307.0,2.0,4.0,1988.0,0.0,3.0,2345.0,0.0,Suburbs,244859.57
4264.0,5.0,4.5,2005.0,0.0,1.0,5553.0,0.0,Uptown,844285.29
3371.0,1.0,3.5,2001.0,0.0,3.0,9284.0,0.0,Suburbs,514897.48
3681.0,4.0,3.5,1960.0,1.0,3.0,3535.0,1.0,Rural,441033.49
1027.0,5.0,2.0,1999.0,2.0,3.0,10225.0,1.0,Suburbs,307078.73
1974.0,4.0,4.0,2018.0,1.0,3.0,6176.0,0.0,Rural,265782.81
3979.0,2.0,4.0,2005.0,1.0,3.0,3781.0,0.0,Downtown,818646.8
4262.0,1.0,4.5,1985.0,0.0,2.0,19316.0,0.0,Suburbs,664713.51
2515.0,6.0,3.0,1988.0,0.0,2.0,19673.0,0.0,Rural,347846.39
4141.0,2.0,1.5,1969.0,3.0,2.0,19323.0,0.0,Uptown,797885.04
4304.0,5.0,2.0,1998.0,2.0,3.0,4773.0,0.0,Rural,461308.19
2305.0,2.0,2.0,1967.0,0.0,2.0,8874.0,1.0,Rural,271899.64
4552.0,1.0,4.0,1975.0,3.0,2.0,7893.0,0.0,Suburbs,708255.28
1868.0,5.0,3.5,1969.0,3.0,1.0,7864.0,1.0,Uptown,520424.52
1654.0,6.0,3.5,1974.0,3.0,1.0,9499.0,0.0,Waterfront,590909.06
3603.0,6.0,1.5,1977.0,0.0,1.0,11180.0,0.0,Waterfront,919512.23
3402.0,5.0,4.5,1956.0,2.0,2.0,10733.0,0.0,Downtown,809081.55
1215.0,2.0,2.0,2003.0,3.0,2.0,7250.0,1.0,Rural,255583.91
4264.0,6.0,1.0,1982.0,3.0,3.0,19637.0,0.0,Uptown,907523.63
1479.0,5.0,4.5,2020.0,0.0,2.0,19634.0,0.0,Downtown,544035.98
4142.0,2.0,1.0,1963.0,3.0,1.0,7962.0,0.0,Rural,405680.4
632.0,1.0,1.0,1999.0,1.0,2.0,5982.0,0.0,Downtown,215159.01
4106.0,6.0,1.5,1963.0,1.0,1.0,11589.0,0.0,Suburbs,656340.09
4063.0,2.0,2.5,1990.0,2.0,3.0,8644.0,0.0,Rural,448578.58
4034.0,5.0,1.0,1986.0,3.0,3.0,19769.0,0.0,Waterfront,1166669.05
3526.0,1.0,4.5,1983.0,0.0,1.0,9729.0,1.0,Uptown,733241.48
2675.0,2.0,3.5,1998.0,2.0,1.0,2716.0,0.0,Waterfront,758455.92
3703.0,2.0,2.5,2011.0,3.0,1.0,4251.0,0.0,Waterfront,921057.18
1819.0,2.0,1.5,1973.0,2.0,2.0,3342.0,0.0,Uptown,393474.26
4035.0,5.0,2.0,2012.0,1.0,1.0,8891.0,0.0,Downtown,865251.34
3045.0,6.0,1.0,1963.0,0.0,3.0,7697.0,1.0,Rural,380633.95
2619.0,6.0,4.5,1971.0,2.0,1.0,17422.0,0.0,Downtown,745789.36
2825.0,5.0,2.0,1972.0,2.0,2.0,18031.0,0.0,Waterfront,881489.66
3103.0,2.0,2.0,2020.0,2.0,2.0,4526.0,1.0,Suburbs,493311.89
763.0,6.0,1.5,1958.0,3.0,1.0,19003.0,0.0,Rural,220592.6
1215.0,4.0,1.0,1979.0,2.0,3.0,12512.0,0.0,Rural,224761.99
1680.0,4.0,1.5,1981.0,2.0,1.0,7522.0,0.0,Uptown,426488.38
1104.0,5.0,1.0,2009.0,0.0,3.0,9319.0,0.0,Waterfront,438078.35
2534.0,5.0,3.0,1985.0,2.0,3.0,9945.0,0.0,Rural,366856.62
3541.0,6.0,4.5,2021.0,0.0,2.0,5069.0,0.0,Waterfront,986401.69
3480.0,4.0,4.5,2004.0,2.0,3.0,17614.0,0.0,Downtown,871139.4
2673.0,4.0,2.0,2002.0,0.0,2.0,2222.0,0.0,Uptown,552348.6
4363.0,5.0,4.0,2005.0,3.0,1.0,3255.0,1.0,Waterfront,1050669.75
3087.0,2.0,3.0,1961.0,1.0,1.0,6920.0,0.0,Waterfront,783499.25
948.0,2.0,1.0,1983.0,1.0,3.0,4584.0,0.0,Uptown,225346.13
3966.0,4.0,1.5,1993.0,0.0,2.0,3112.0,0.0,Downtown,799547.82
3128.0,1.0,3.0,1965.0,0.0,3.0,8901.0,0.0,Suburbs,454839.38
3393.0,2.0,2.0,1958.0,3.0,1.0,8782.0,0.0,Uptown,667197.21
3088.0,5.0,1.0,1960.0,1.0,3.0,4260.0,0.0,Rural,362331.84
3036.0,6.0,4.0,2008.0,2.0,3.0,16584.0,1.0,Waterfront,942751.17
998.0,4.0,3.5,1998.0,3.0,1.0,17887.0,1.0,Downtown,491086.01
3061.0,3.0,3.0,1970.0,2.0,2.0,14955.0,1.0,Suburbs,550060.78
4098.0,3.0,4.5,2004.0,0.0,3.0,11399.0,0.0,Suburbs,696681.22
1937.0,5.0,4.0,2001.0,1.0,1.0,19053.0,0.0,Waterfront,727442.03
3253.0,4.0,4.0,2010.0,1.0,1.0,8309.0,0.0,Downtown,737356.57
735.0,1.0,2.5,2017.0,1.0,1.0,9686.0,0.0,Suburbs,210447.64
2129.0,4.0,4.0,2015.0,0.0,2.0,2271.0,1.0,Suburbs,438537.61
2521.0,3.0,3.0,1963.0,2.0,1.0,14741.0,0.0,Downtown,674774.13
4925.0,5.0,3.0,2006.0,1.0,2.0,3665.0,0.0,Rural,488411.66
1544.0,6.0,4.0,1979.0,1.0,3.0,13976.0,0.0,Uptown,474023.24
1817.0,6.0,1.5,1979.0,1.0,1.0,16084.0,0.0,Uptown,497697.27
2397.0,4.0,2.5,1997.0,1.0,1.0,5907.0,0.0,Waterfront,656590.45
4968.0,3.0,1.0,1994.0,0.0,2.0,13016.0,0.0,Uptown,881794.7
4355.0,3.0,2.5,1981.0,1.0,1.0,7464.0,0.0,Suburbs,630179.46
752.0,2.0,2.5,2023.0,3.0,1.0,9170.0,0.0,Suburbs,286819.98
1629.0,6.0,4.5,1962.0,2.0,1.0,11537.0,0.0,Waterfront,596495.39
4216.0,6.0,4.0,1957.0,2.0,1.0,6490.0,1.0,Uptown,846131.16
856.0,6.0,2.5,1952.0,3.0,3.0,16340.0,0.0,Downtown,443141.14
4365.0,2.0,2.0,2010.0,2.0,1.0,9103.0,0.0,Rural,522434.03
1838.0,2.0,3.5,1980.0,0.0,2.0,10313.0,0.0,Rural,246569.37
4638.0,6.0,4.5,1982.0,1.0,3.0,16665.0,0.0,Suburbs,800833.63
1892.0,4.0,4.0,1998.0,1.0,2.0,6099.0,1.0,Uptown,476964.25
2511.0,5.0,1.0,1982.0,1.0,2.0,10141.0,0.0,Uptown,558046.27
3513.0,3.0,1.5,1992.0,0.0,2.0,19883.0,1.0,Downtown,870518.82
1155.0,3.0,3.0,1954.0,0.0,3.0,9195.0,1.0,Downtown,378211.68
3051.0,4.0,2.5,1961.0,1.0,1.0,4080.0,0.0,Rural,326511.06
2822.0,5.0,1.5,2018.0,3.0,1.0,7119.0,0.0,Rural,376565.77
4049.0,3.0,1.0,1983.0,2.0,3.0,19206.0,0.0,Rural,456627.89
4983.0,5.0,2.0,1962.0,3.0,1.0,15665.0,0.0,Suburbs,788887.23
3523.0,2.0,2.0,1977.0,0.0,1.0,16563.0,0.0,Uptown,730437.09
2400.0,3.0,3.0,1974.0,1.0,1.0,6564.0,0.0,Waterfront,632540.35
2388.0,6.0,1.0,1970.0,2.0,1.0,17100.0,0.0,Suburbs,507245.34
2439.0,6.0,3.0,1971.0,1.0,1.0,9080.0,0.0,Rural,315618.09
4182.0,6.0,3.5,2003.0,1.0,2.0,16309.0,0.0,Downtown,996010.94
2013.0,2.0,2.0,1957.0,1.0,2.0,17856.0,0.0,Downtown,513212.3
1334.0,6.0,1.5,1972.0,0.0,1.0,5747.0,1.0,Waterfront,471323.69
2071.0,6.0,3.5,1984.0,3.0,3.0,18893.0,0.0,Downtown,697228.81
699.0,6.0,3.5,1989.0,3.0,1.0,13387.0,0.0,Rural,247484.13
1067.0,1.0,2.5,2015.0,0.0,3.0,15156.0,1.0,Uptown,399972.23
996.0,5.0,2.0,2018.0,1.0,3.0,15622.0,0.0,Waterfront,544363.41
3995.0,6.0,3.5,1972.0,2.0,2.0,5032.0,0.0,Uptown,761222.39
3779.0,5.0,2.0,1989.0,3.0,2.0,15423.0,0.0,Rural,458125.94
3666.0,2.0,2.0,1951.0,3.0,1.0,5833.0,0.0,Waterfront,915774.66
2632.0,5.0,2.0,1995.0,1.0,1.0,6888.0,1.0,Waterfront,739534.66
3755.0,1.0,2.5,1961.0,2.0,3.0,4098.0,0.0,Rural,412133.57
1309.0,3.0,3.5,1955.0,3.0,2.0,5260.0,0.0,Downtown,425984.95
4563.0,4.0,2.5,1999.0,3.0,1.0,19621.0,0.0,Downtown,1082159.09
2805.0,3.0,2.5,1963.0,1.0,3.0,7906.0,0.0,Uptown,574444.93
4728.0,5.0,3.0,1985.0,3.0,3.0,8966.0,0.0,Rural,500335.62
1270.0,2.0,2.5,1957.0,1.0,1.0,10637.0,1.0,Rural,251013.98
2788.0,4.0,1.0,2005.0,0.0,1.0,14833.0,0.0,Rural,361964.06
3664.0,4.0,4.5,2006.0,3.0,1.0,12328.0,0.0,Downtown,902443.4
2781.0,4.0,1.0,1992.0,3.0,1.0,11651.0,0.0,Downtown,693283.76
2563.0,2.0,3.5,2011.0,1.0,2.0,17065.0,1.0,Downtown,722065.79
1331.0,2.0,2.0,1982.0,1.0,1.0,10927.0,0.0,Uptown,367811.68
2276.0,2.0,1.5,1963.0,1.0,2.0,15843.0,0.0,Rural,306331.39
1650.0,3.0,1.0,1961.0,0.0,1.0,18397.0,0.0,Downtown,508617.51
1926.0,4.0,4.0,1966.0,3.0,3.0,14171.0,1.0,Waterfront,700718.21
3608.0,3.0,2.5,1964.0,0.0,3.0,2635.0,0.0,Suburbs,489870.08
3373.0,3.0,2.0,1973.0,2.0,2.0,6743.0,1.0,Rural,390239.52
3272.0,2.0,3.0,1965.0,0.0,2.0,13120.0,0.0,Rural,326647.57
2192.0,2.0,1.0,1993.0,2.0,1.0,10620.0,1.0,Downtown,581504.48
4823.0,4.0,3.0,1960.0,3.0,1.0,7126.0,1.0,Waterfront,1177974.25
985.0,5.0,2.0,1996.0,2.0,2.0,8038.0,0.0,Waterfront,459637.7
2107.0,2.0,3.5,1974.0,2.0,1.0,3410.0,0.0,Waterfront,629228.93
1119.0,6.0,1.0,2000.0,3.0,2.0,6228.0,0.0,Downtown,371693.23
2091.0,4.0,4.0,1987.0,3.0,2.0,16090.0,0.0,Suburbs,519824.63
4833.0,2.0,1.0,2016.0,3.0,1.0,2184.0,0.0,Suburbs,689253.12
2211.0,3.0,3.5,1982.0,0.0,2.0,17063.0,0.0,Uptown,557738.97
4598.0,1.0,3.5,1971.0,2.0,2.0,8110.0,1.0,Waterfront,1085445.2
2778.0,1.0,2.0,1993.0,3.0,3.0,16542.0,0.0,Rural,388270.79
3679.0,3.0,1.0,1998.0,1.0,1.0,6610.0,0.0,Rural,392707.81
2613.0,3.0,2.0,1982.0,2.0,2.0,16918.0,0.0,Uptown,620650.81
1770.0,5.0,4.5,1991.0,0.0,3.0,12294.0,0.0,Waterfront,580477.37
3963.0,1.0,4.5,1984.0,3.0,1.0,17326.0,0.0,Waterfront,1068388.92
4865.0,6.0,4.5,1972.0,2.0,3.0,3121.0,0.0,Waterfront,1203553.71
1759.0,2.0,1.0,1973.0,2.0,3.0,16354.0,0.0,Waterfront,601853.03
4027.0,1.0,3.5,2017.0,3.0,2.0,6869.0,1.0,Rural,487284.48
1749.0,5.0,1.0,1999.0,0.0,3.0,8459.0,0.0,Downtown,523327.38
3755.0,5.0,3.5,1957.0,1.0,3.0,2805.0,1.0,Suburbs,578197.62
4072.0,4.0,2.5,2021.0,3.0,1.0,19174.0,0.0,Rural,540874.85
2577.0,1.0,3.0,2002.0,0.0,3.0,13546.0,0.0,Suburbs,460702.37
3843.0,1.0,3.5,1953.0,3.0,1.0,19657.0,0.0,Downtown,904866.63
1798.0,3.0,4.5,2003.0,1.0,1.0,12227.0,0.0,Waterfront,618306.53
948.0,3.0,2.0,1993.0,2.0,1.0,4847.0,1.0,Uptown,322976.64
1024.0,6.0,2.0,2017.0,2.0,2.0,8074.0,0.0,Waterfront,415606.67
2567.0,2.0,3.0,1986.0,2.0,3.0,9918.0,0.0,Suburbs,457192.34
4572.0,2.0,1.5,1988.0,3.0,2.0,4652.0,1.0,Suburbs,658801.34
1161.0,6.0,1.0,1973.0,1.0,2.0,18768.0,0.0,Suburbs,377818.39
2605.0,1.0,3.0,1973.0,0.0,1.0,19243.0,1.0,Suburbs,529467.07
3698.0,1.0,4.5,1995.0,1.0,2.0,12143.0,0.0,Uptown,769142.21
1490.0,3.0,3.0,2011.0,2.0,2.0,12519.0,1.0,Suburbs,372633.31
3775.0,3.0,4.0,2015.0,3.0,2.0,14663.0,0.0,Waterfront,1032583.63
1946.0,4.0,1.5,2007.0,3.0,1.0,14224.0,0.0,Suburbs,407800.47
4158.0,6.0,2.5,1995.0,1.0,1.0,3128.0,0.0,Uptown,837816.05
3149.0,6.0,3.5,1987.0,3.0,3.0,11564.0,0.0,Waterfront,919175.07
3006.0,2.0,2.0,1975.0,0.0,2.0,15988.0,1.0,Uptown,602935.12
1377.0,6.0,1.0,2006.0,0.0,2.0,16518.0,0.0,Downtown,522796.14
2638.0,4.0,1.0,1973.0,0.0,1.0,12729.0,0.0,Downtown,671999.58
4369.0,1.0,4.5,1969.0,3.0,3.0,18135.0,0.0,Uptown,945674.14
685.0,6.0,3.0,2014.0,0.0,2.0,12552.0,1.0,Rural,227110.7
3938.0,1.0,2.0,1993.0,2.0,2.0,8889.0,0.0,Waterfront,998045.99
2768.0,4.0,2.5,1976.0,3.0,3.0,9968.0,1.0,Downtown,736603.35
3766.0,5.0,1.5,2014.0,3.0,1.0,14421.0,0.0,Uptown,766123.86
3519.0,2.0,4.5,2021.0,3.0,2.0,17957.0,1.0,Suburbs,664962.03
2501.0,2.0,1.0,1973.0,0.0,3.0,6138.0,0.0,Uptown,512801.82
1958.0,3.0,4.5,1988.0,1.0,2.0,7283.0,0.0,Uptown,469587.0
3360.0,6.0,1.0,1985.0,2.0,1.0,13734.0,0.0,Suburbs,581149.1
1217.0,2.0,2.5,2001.0,2.0,1.0,15745.0,0.0,Downtown,426648.05
3170.0,4.0,2.0,2020.0,2.0,1.0,9185.0,1.0,Downtown,764731.53
1016.0,3.0,4.5,1990.0,2.0,2.0,13577.0,1.0,Uptown,455459.96
3459.0,1.0,1.0,2009.0,1.0,2.0,2122.0,0.0,Suburbs,550948.66
3367.0,5.0,2.5,1994.0,0.0,1.0,7251.0,1.0,Suburbs,558628.82
971.0,5.0,2.0,2015.0,1.0,3.0,19200.0,0.0,Downtown,477886.09
3933.0,4.0,2.5,1979.0,1.0,1.0,12377.0,0.0,Downtown,855021.55
2429.0,2.0,1.0,1978.0,2.0,2.0,17632.0,0.0,Downtown,665160.37
4063.0,1.0,4.0,1981.0,3.0,3.0,5917.0,0.0,Suburbs,671336.23
783.0,3.0,2.0,2023.0,2.0,1.0,7235.0,0.0,Downtown,299358.23
1389.0,4.0,2.5,1995.0,2.0,1.0,19549.0,0.0,Suburbs,386822.08
2774.0,4.0,2.0,1961.0,0.0,1.0,19960.0,0.0,Suburbs,520355.56
1428.0,2.0,4.0,1953.0,2.0,2.0,17784.0,0.0,Suburbs,365470.16
2051.0,4.0,2.5,1988.0,1.0,1.0,7708.0,1.0,Downtown,604794.44
3507.0,2.0,2.0,2009.0,0.0,3.0,16426.0,0.0,Downtown,877418.46
1236.0,5.0,2.0,1985.0,0.0,1.0,10259.0,0.0,Waterfront,460426.91
3582.0,5.0,2.5,1991.0,3.0,3.0,17191.0,1.0,Rural,487925.84
1055.0,4.0,1.5,2009.0,3.0,2.0,17323.0,0.0,Downtown,476166.84
1370.0,1.0,3.5,1988.0,2.0,1.0,9827.0,1.0,Suburbs,307732.12
3186.0,6.0,1.5,2017.0,3.0,1.0,7483.0,0.0,Suburbs,566105.35
4092.0,1.0,1.0,1997.0,0.0,1.0,19548.0,0.0,Waterfront,1052595.49
1350.0,6.0,1.0,2004.0,1.0,1.0,10110.0,0.0,Waterfront,523743.22
1920.0,1.0,2.0,2007.0,3.0,1.0,9770.0,1.0,Rural,256465.47
4671.0,4.0,4.5,1996.0,0.0,2.0,13981.0,1.0,Downtown,1050485.98
4955.0,1.0,3.5,1953.0,2.0,1.0,18860.0,0.0,Uptown,944727.31
3157.0,1.0,4.0,1981.0,0.0,3.0,4348.0,1.0,Uptown,604913.9
2567.0,5.0,2.5,1960.0,1.0,1.0,19721.0,1.0,Rural,372849.99
2126.0,5.0,4.0,1987.0,1.0,1.0,9602.0,0.0,Waterfront,678820.8
3295.0,1.0,1.0,1960.0,1.0,1.0,2460.0,0.0,Suburbs,485987.94
3200.0,6.0,3.5,1987.0,3.0,1.0,7569.0,0.0,Uptown,680365.69
1897.0,2.0,4.5,1975.0,3.0,3.0,10325.0,0.0,Suburbs,383628.03
700.0,2.0,3.5,1951.0,2.0,1.0,14182.0,0.0,Suburbs,276974.24
1266.0,2.0,4.5,1959.0,2.0,1.0,12195.0,1.0,Suburbs,321182.6
4818.0,3.0,2.5,1987.0,0.0,3.0,4447.0,0.0,Rural,483749.78
2440.0,2.0,1.5,1955.0,0.0,2.0,10788.0,0.0,Uptown,501297.41
2722.0,3.0,4.0,2013.0,0.0,1.0,6189.0,0.0,Rural,347935.27
2655.0,2.0,1.0,2006.0,3.0,3.0,6852.0,0.0,Rural,353437.22
4044.0,1.0,4.5,2002.0,0.0,1.0,14805.0,0.0,Suburbs,668735.2
885.0,3.0,3.0,1962.0,1.0,1.0,16459.0,1.0,Waterfront,466416.19
964.0,5.0,4.0,2008.0,3.0,2.0,4812.0,0.0,Downtown,381025.1
1814.0,5.0,2.0,1996.0,2.0,3.0,12843.0,0.0,Waterfront,701082.33
2741.0,3.0,4.0,1978.0,2.0,1.0,9596.0,0.0,Downtown,696067.72
3553.0,2.0,1.5,1950.0,0.0,3.0,8060.0,0.0,Suburbs,516043.53
2759.0,5.0,2.0,1989.0,2.0,1.0,14832.0,0.0,Waterfront,865419.47
2541.0,5.0,1.0,2008.0,2.0,3.0,6479.0,0.0,Rural,310230.28
4727.0,5.0,4.5,1952.0,1.0,1.0,15779.0,0.0,Suburbs,785002.59
1308.0,6.0,3.0,1953.0,2.0,2.0,9213.0,0.0,Waterfront,550597.11
3116.0,5.0,4.0,1978.0,3.0,2.0,3707.0,1.0,Downtown,744799.93
2986.0,6.0,4.0,1987.0,1.0,1.0,16261.0,0.0,Rural,408101.46
2683.0,3.0,2.5,1985.0,1.0,2.0,17336.0,0.0,Uptown,647604.77
4154.0,3.0,1.0,1981.0,1.0,3.0,12135.0,0.0,Suburbs,712727.73
1774.0,2.0,4.5,1968.0,3.0,2.0,15032.0,1.0,Waterfront,651906.47
4797.0,2.0,2.0,1954.0,0.0,2.0,4656.0,0.0,Rural,497337.58
2059.0,5.0,1.5,1952.0,3.0,3.0,8107.0,0.0,Downtown,564934.65
2998.0,5.0,4.0,1957.0,3.0,3.0,8298.0,0.0,Downtown,716355.9
2891.0,5.0,4.5,2001.0,1.0,1.0,15749.0,0.0,Downtown,765411.32
4339.0,2.0,2.0,2008.0,2.0,3.0,8337.0,0.0,Uptown,836767.87
2531.0,3.0,4.5,1982.0,3.0,3.0,15110.0,0.0,Uptown,609615.25
1852.0,2.0,1.0,1955.0,3.0,3.0,7523.0,0.0,Rural,252562.84
695.0,6.0,1.0,1980.0,1.0,3.0,12816.0,0.0,Rural,205441.23
2200.0,2.0,2.0,2022.0,0.0,3.0,5776.0,0.0,Downtown,545627.02
4236.0,1.0,3.0,1968.0,2.0,3.0,12053.0,0.0,Uptown,808435.15
643.0,4.0,1.0,1986.0,0.0,1.0,3454.0,0.0,Rural,117129.2
4544.0,6.0,1.5,1989.0,0.0,3.0,15225.0,0.0,Waterfront,1167574.42
2988.0,6.0,3.0,1974.0,3.0,1.0,2523.0,1.0,Suburbs,528008.04
1217.0,1.0,4.0,1982.0,1.0,2.0,19987.0,0.0,Downtown,491950.77
1929.0,2.0,3.5,1984.0,2.0,3.0,17102.0,0.0,Downtown,599544.49
3038.0,1.0,4.0,1985.0,0.0,1.0,12414.0,0.0,Suburbs,463362.58
1989.0,2.0,4.0,2003.0,0.0,3.0,18373.0,0.0,Uptown,520373.22
1077.0,4.0,3.0,1992.0,0.0,2.0,16557.0,1.0,Suburbs,333775.53
3531.0,2.0,3.0,1953.0,1.0,1.0,4570.0,1.0,Downtown,780701.11
3558.0,1.0,4.0,1950.0,0.0,1.0,15397.0,0.0,Suburbs,594191.16
1123.0,4.0,2.0,1980.0,1.0,2.0,8791.0,0.0,Suburbs,319882.13
1837.0,1.0,1.0,2017.0,1.0,2.0,17405.0,0.0,Uptown,489596.61
1673.0,2.0,4.5,1952.0,2.0,2.0,17549.0,0.0,Downtown,555429.73
3502.0,1.0,2.0,1955.0,2.0,1.0,19182.0,0.0,Rural,372403.46
3814.0,1.0,4.5,2000.0,1.0,1.0,10118.0,1.0,Uptown,784584.54
3799.0,3.0,2.5,1983.0,1.0,1.0,5475.0,1.0,Suburbs,564373.4
4731.0,6.0,4.0,1967.0,0.0,1.0,4251.0,0.0,Waterfront,1108156.52
3982.0,5.0,1.0,1965.0,1.0,3.0,4978.0,0.0,Rural,496116.96
2011.0,1.0,3.5,1999.0,3.0,1.0,19853.0,0.0,Downtown,630567.86
1074.0,1.0,2.5,1988.0,3.0,3.0,12554.0,0.0,Downtown,392314.67
3305.0,3.0,2.0,1997.0,1.0,1.0,8332.0,0.0,Downtown,750598.73
4631.0,4.0,2.5,1970.0,3.0,2.0,10087.0,1.0,Uptown,914516.87
4891.0,5.0,4.5,1988.0,2.0,3.0,5112.0,1.0,Suburbs,746461.4
1613.0,5.0,2.0,2013.0,0.0,2.0,12273.0,0.0,Suburbs,415503.49
1640.0,3.0,4.0,1973.0,3.0,1.0,9662.0,0.0,Uptown,474307.8
764.0,2.0,2.5,1979.0,1.0,2.0,16365.0,0.0,Uptown,329769.67
1221.0,1.0,1.0,1962.0,2.0,1.0,2380.0,1.0,Downtown,330432.42
3041.0,1.0,4.5,1997.0,2.0,3.0,18771.0,0.0,Downtown,787955.26
3006.0,1.0,1.0,1952.0,1.0,3.0,3091.0,0.0,Rural,344304.55
2232.0,6.0,2.5,1968.0,2.0,2.0,9513.0,0.0,Waterfront,705912.44
1964.0,2.0,4.0,2002.0,2.0,2.0,8131.0,0.0,Waterfront,543625.87
4251.0,5.0,4.0,1951.0,1.0,2.0,14923.0,0.0,Waterfront,1164419.46
2624.0,4.0,4.0,2023.0,1.0,3.0,13848.0,0.0,Uptown,648476.56
4157.0,4.0,2.0,1979.0,2.0,2.0,5542.0,0.0,Waterfront,1021304.23
4839.0,3.0,4.5,1979.0,0.0,3.0,10833.0,1.0,Waterfront,1232359.37
1995.0,5.0,2.0,1989.0,0.0,2.0,11622.0,0.0,Waterfront,645091.07
1492.0,1.0,3.5,1997.0,3.0,1.0,10350.0,0.0,Downtown,486818.72
4793.0,1.0,3.5,1984.0,1.0,3.0,2392.0,0.0,Downtown,935134.91
3393.0,3.0,1.0,2015.0,2.0,2.0,5206.0,0.0,Uptown,644242.62
1880.0,3.0,2.5,2021.0,2.0,3.0,11068.0,0.0,Uptown,512180.82
3336.0,4.0,2.5,1964.0,3.0,2.0,6688.0,0.0,Waterfront,911246.37
2866.0,5.0,2.5,2002.0,2.0,2.0,11816.0,0.0,Suburbs,513404.94
4585.0,4.0,2.0,1972.0,2.0,2.0,4946.0,1.0,Waterfront,1099447.4
1726.0,2.0,3.5,2023.0,3.0,2.0,15238.0,0.0,Waterfront,687021.48
4963.0,2.0,1.5,1968.0,3.0,3.0,5392.0,0.0,Waterfront,1141400.87
4719.0,5.0,1.5,1971.0,0.0,2.0,13691.0,0.0,Downtown,1001845.0
1395.0,2.0,4.0,2002.0,2.0,3.0,17059.0,0.0,Suburbs,359966.39
1324.0,4.0,2.5,2008.0,0.0,2.0,8451.0,0.0,Suburbs,300510.48
2946.0,4.0,3.0,1959.0,3.0,1.0,4510.0,1.0,Rural,314488.05
797.0,5.0,3.0,1991.0,0.0,3.0,2103.0,1.0,Rural,151965.0
1915.0,5.0,3.0,1975.0,0.0,2.0,8490.0,1.0,Uptown,494571.7
2514.0,3.0,2.5,1995.0,0.0,3.0,4078.0,0.0,Downtown,586398.95
4866.0,2.0,2.5,1991.0,2.0,2.0,17874.0,0.0,Uptown,993312.33
4967.0,3.0,4.0,2022.0,0.0,2.0,19516.0,1.0,Rural,620838.81
1266.0,3.0,4.5,2019.0,0.0,3.0,19652.0,0.0,Uptown,493537.09
4524.0,2.0,2.0,1998.0,2.0,2.0,18602.0,0.0,Suburbs,756756.31
1000.0,4.0,3.0,2000.0,3.0,3.0,12561.0,1.0,Uptown,419537.89
3894.0,2.0,4.5,2016.0,2.0,2.0,7852.0,0.0,Rural,423141.27
4321.0,4.0,1.5,1963.0,1.0,1.0,10038.0,0.0,Uptown,813834.46
4520.0,5.0,4.5,2003.0,2.0,1.0,6659.0,1.0,Waterfront,1182151.47
1583.0,6.0,2.5,2007.0,2.0,3.0,17125.0,0.0,Suburbs,437733.44
4532.0,1.0,4.0,1959.0,1.0,2.0,9855.0,0.0,Rural,484237.64
1110.0,5.0,3.5,2015.0,2.0,2.0,8932.0,0.0,Waterfront,502026.61
2883.0,1.0,4.0,2001.0,0.0,3.0,14419.0,1.0,Suburbs,545926.56
2666.0,3.0,1.5,1975.0,0.0,2.0,8728.0,0.0,Suburbs,468881.81
1990.0,2.0,1.0,1985.0,2.0,2.0,8423.0,1.0,Downtown,564805.01
697.0,1.0,4.0,1986.0,1.0,3.0,6091.0,0.0,Suburbs,205494.67
3997.0,2.0,3.0,2017.0,0.0,1.0,3211.0,0.0,Downtown,794366.78
2076.0,1.0,3.5,2021.0,0.0,1.0,2683.0,0.0,Rural,220575.31
3511.0,5.0,1.0,2009.0,3.0,3.0,9250.0,0.0,Downtown,827127.56
2405.0,1.0,1.5,1998.0,1.0,1.0,19915.0,0.0,Rural,328549.38
2244.0,3.0,4.5,1957.0,0.0,3.0,6690.0,0.0,Uptown,503407.59
4500.0,5.0,2.0,2017.0,2.0,1.0,13539.0,0.0,Waterfront,1136308.69
1015.0,6.0,3.5,1959.0,2.0,1.0,7849.0,0.0,Suburbs,266845.12
3841.0,6.0,2.0,1962.0,1.0,3.0,7449.0,0.0,Suburbs,614847.14
3886.0,1.0,2.0,1955.0,3.0,2.0,4933.0,1.0,Suburbs,571293.0
2272.0,6.0,1.5,2020.0,1.0,3.0,12142.0,0.0,Uptown,591035.1
1755.0,4.0,4.0,1986.0,2.0,2.0,13859.0,0.0,Suburbs,393409.29
623.0,2.0,4.0,1967.0,2.0,1.0,8303.0,0.0,Downtown,274339.49
4722.0,3.0,1.0,1955.0,2.0,3.0,11479.0,0.0,Waterfront,1140266.14
4770.0,6.0,2.5,1980.0,0.0,1.0,10571.0,0.0,Rural,518045.51
1660.0,3.0,3.0,2003.0,2.0,1.0,6875.0,0.0,Downtown,458391.78
740.0,2.0,2.0,2023.0,2.0,3.0,14451.0,0.0,Rural,185773.19
1140.0,6.0,3.5,1990.0,0.0,1.0,11970.0,0.0,Suburbs,319141.96
897.0,6.0,2.0,1994.0,0.0,2.0,3185.0,1.0,Downtown,333698.75
4257.0,6.0,1.5,2011.0,2.0,2.0,10869.0,0.0,Uptown,830287.33
4525.0,6.0,2.0,2016.0,0.0,3.0,9009.0,0.0,Rural,458757.15
1274.0,6.0,3.5,1970.0,3.0,1.0,16328.0,0.0,Downtown,503796.73
3886.0,3.0,1.5,2023.0,0.0,1.0,7519.0,0.0,Suburbs,558954.54
1388.0,2.0,4.0,1988.0,3.0,2.0,19208.0,0.0,Waterfront,597066.95
2216.0,4.0,1.0,2018.0,2.0,2.0,13070.0,0.0,Suburbs,488893.57
3237.0,2.0,1.5,1958.0,1.0,3.0,4352.0,0.0,Downtown,643415.04
3768.0,3.0,3.5,1957.0,1.0,2.0,9261.0,0.0,Uptown,726766.13
4448.0,4.0,3.0,2015.0,1.0,1.0,17911.0,0.0,Rural,567888.11
797.0,6.0,2.5,1999.0,2.0,3.0,6582.0,0.0,Waterfront,437323.25
1464.0,2.0,2.0,1962.0,3.0,2.0,14687.0,1.0,Rural,244707.42
1834.0,2.0,1.5,2016.0,0.0,3.0,16101.0,1.0,Downtown,566976.93
1965.0,5.0,3.5,1957.0,2.0,3.0,14466.0,1.0,Waterfront,727102.06
4992.0,1.0,2.5,2000.0,3.0,1.0,3626.0,0.0,Rural,543573.3
4021.0,4.0,1.5,1965.0,1.0,2.0,8737.0,0.0,Rural,416532.16
2010.0,5.0,2.0,1955.0,2.0,2.0,8268.0,0.0,Waterfront,600803.74
4877.0,4.0,4.5,2009.0,0.0,2.0,8190.0,1.0,Rural,497242.78
2797.0,3.0,2.5,2012.0,3.0,1.0,17822.0,1.0,Suburbs,566927.4
2803.0,5.0,4.5,1957.0,0.0,2.0,2101.0,1.0,Uptown,549189.07
2508.0,3.0,2.5,1956.0,1.0,2.0,11702.0,0.0,Uptown,540492.93
1233.0,5.0,1.5,1995.0,1.0,1.0,19680.0,0.0,Uptown,413732.91
4712.0,3.0,2.5,1952.0,1.0,1.0,17759.0,1.0,Rural,551737.59
661.0,1.0,2.5,2005.0,0.0,1.0,12917.0,0.0,Rural,137583.59
1366.0,4.0,1.5,2017.0,2.0,3.0,19963.0,0.0,Downtown,552192.26
1610.0,1.0,3.0,2005.0,0.0,3.0,9242.0,0.0,Uptown,363910.2
1829.0,6.0,2.0,1967.0,3.0,2.0,13005.0,0.0,Downtown,580234.67
1180.0,4.0,3.0,1964.0,0.0,2.0,11788.0,0.0,Uptown,328595.99
679.0,3.0,2.0,2000.0,1.0,1.0,2851.0,0.0,Uptown,223777.54
3582.0,3.0,2.0,1954.0,3.0,1.0,2729.0,1.0,Suburbs,612165.06
4865.0,4.0,2.0,1989.0,0.0,3.0,18144.0,1.0,Waterfront,1287176.36
1136.0,2.0,1.0,1983.0,0.0,1.0,5125.0,1.0,Suburbs,239734.69
1905.0,2.0,3.5,2005.0,2.0,1.0,8387.0,0.0,Downtown,605442.55
2828.0,3.0,1.0,1964.0,0.0,3.0,13221.0,0.0,Suburbs,453985.63
4681.0,2.0,3.5,2006.0,3.0,2.0,12360.0,0.0,Rural,549734.41
3655.0,5.0,4.0,2001.0,1.0,1.0,11257.0,1.0,Downtown,850802.14
3971.0,1.0,4.0,1967.0,3.0,2.0,19626.0,0.0,Uptown,836714.43
3157.0,5.0,2.5,1976.0,0.0,3.0,16168.0,1.0,Uptown,692405.26
2435.0,3.0,2.5,1954.0,0.0,2.0,18952.0,0.0,Waterfront,739807.9
1479.0,4.0,4.5,1983.0,3.0,2.0,13858.0,0.0,Downtown,533077.26
4403.0,1.0,2.5,1969.0,3.0,2.0,19625.0,1.0,Downtown,1025347.38
4138.0,3.0,2.5,1958.0,3.0,2.0,12826.0,0.0,Uptown,856913.93
710.0,5.0,4.5,1991.0,1.0,3.0,11751.0,1.0,Downtown,396239.53
3748.0,2.0,4.0,1991.0,1.0,1.0,16675.0,0.0,Rural,445905.79
971.0,1.0,4.5,1956.0,2.0,1.0,17639.0,0.0,Suburbs,308428.87
3852.0,4.0,1.5,1963.0,1.0,1.0,3228.0,0.0,Uptown,663394.47
4235.0,1.0,4.0,1956.0,0.0,2.0,18391.0,1.0,Downtown,940786.64
1176.0,2.0,1.0,2000.0,1.0,2.0,14436.0,0.0,Rural,208616.52
2509.0,3.0,3.5,1975.0,2.0,2.0,18158.0,1.0,Uptown,662841.34
1144.0,4.0,4.0,1955.0,0.0,3.0,14881.0,1.0,Downtown,491209.94
3096.0,4.0,3.5,1964.0,1.0,2.0,18685.0,0.0,Suburbs,558948.01
4682.0,5.0,4.0,2022.0,1.0,1.0,6953.0,1.0,Downtown,1035375.22
955.0,6.0,2.0,1968.0,0.0,2.0,5377.0,1.0,Downtown,341464.1
2349.0,1.0,2.0,2000.0,0.0,2.0,5521.0,0.0,Rural,274449.1
4882.0,3.0,2.5,1984.0,1.0,2.0,6539.0,1.0,Uptown,907490.81
1924.0,1.0,2.0,1963.0,0.0,2.0,5849.0,0.0,Waterfront,498949.19
1181.0,1.0,3.5,1972.0,1.0,3.0,9949.0,0.0,Suburbs,272717.79
2750.0,2.0,2.5,1951.0,2.0,1.0,5566.0,0.0,Rural,318311.7
2837.0,4.0,3.0,2005.0,3.0,1.0,4847.0,1.0,Rural,344639.24
3517.0,6.0,2.5,1974.0,0.0,2.0,11428.0,0.0,Rural,388502.05
1980.0,5.0,2.0,1986.0,1.0,1.0,16281.0,0.0,Waterfront,684721.1
4805.0,4.0,1.5,1961.0,0.0,1.0,4441.0,0.0,Rural,393360.38
2893.0,5.0,3.0,2010.0,1.0,2.0,11203.0,0.0,Rural,353090.55
1860.0,2.0,4.0,1966.0,1.0,2.0,13867.0,1.0,Rural,251031.76
4826.0,6.0,4.5,1991.0,3.0,2.0,14701.0,1.0,Uptown,1061112.71
4670.0,6.0,2.5,2014.0,1.0,1.0,3891.0,0.0,Rural,481955.18
2796.0,1.0,2.5,2002.0,3.0,3.0,15208.0,0.0,Waterfront,819838.1
709.0,3.0,3.5,1994.0,0.0,2.0,2484.0,1.0,Rural,146414.44
3227.0,5.0,3.0,2015.0,0.0,1.0,6264.0,0.0,Rural,354967.69
3043.0,3.0,1.0,1963.0,0.0,1.0,7747.0,0.0,Downtown,640786.8
1252.0,6.0,3.0,2021.0,1.0,1.0,17354.0,1.0,Uptown,486440.26
3390.0,6.0,1.5,1991.0,0.0,2.0,5453.0,1.0,Downtown,771019.99
4300.0,3.0,1.0,1980.0,0.0,2.0,16084.0,0.0,Downtown,926177.56
1066.0,1.0,3.0,1968.0,0.0,2.0,19796.0,0.0,Suburbs,265646.06
3783.0,3.0,1.0,2005.0,3.0,2.0,19279.0,1.0,Uptown,825099.16
1217.0,2.0,2.0,2022.0,3.0,3.0,7454.0,0.0,Uptown,383903.42
3895.0,3.0,3.0,2001.0,0.0,3.0,3722.0,0.0,Waterfront,942401.01
2444.0,4.0,3.0,1952.0,3.0,2.0,5997.0,1.0,Rural,282701.58
628.0,3.0,2.0,1984.0,0.0,3.0,15839.0,0.0,Uptown,318942.29
4852.0,2.0,1.5,2004.0,1.0,3.0,5542.0,0.0,Suburbs,721451.19
1330.0,2.0,4.0,1979.0,1.0,3.0,13621.0,0.0,Rural,251940.73
3223.0,5.0,4.0,2007.0,1.0,1.0,8729.0,0.0,Suburbs,560502.23
1398.0,1.0,4.5,2002.0,3.0,2.0,15804.0,0.0,Waterfront,597335.05
4706.0,2.0,3.0,1954.0,2.0,2.0,12905.0,0.0,Rural,555577.15
3849.0,6.0,2.0,1991.0,2.0,1.0,12539.0,0.0,Rural,445204.46
4139.0,1.0,4.0,1962.0,2.0,1.0,16075.0,1.0,Suburbs,653512.71
2501.0,3.0,2.0,1986.0,2.0,2.0,19188.0,0.0,Rural,309730.5
2656.0,2.0,1.5,1978.0,0.0,2.0,8562.0,0.0,Waterfront,729539.85
3391.0,1.0,4.0,2009.0,1.0,3.0,11519.0,0.0,Downtown,836500.68
4053.0,3.0,2.0,2014.0,0.0,3.0,13268.0,0.0,Downtown,887025.01
4327.0,4.0,4.0,1984.0,2.0,1.0,16815.0,1.0,Uptown,905210.73
678.0,2.0,2.0,1989.0,1.0,3.0,10677.0,0.0,Suburbs,216045.22
3520.0,1.0,4.5,1996.0,2.0,2.0,8742.0,0.0,Rural,429823.42
1080.0,1.0,3.0,1998.0,2.0,2.0,17237.0,1.0,Uptown,382548.7
1867.0,4.0,2.5,1997.0,1.0,3.0,19158.0,0.0,Waterfront,641122.51
4250.0,6.0,2.5,2007.0,0.0,2.0,12243.0,0.0,Suburbs,742002.86
1702.0,2.0,4.5,2022.0,3.0,1.0,3863.0,1.0,Suburbs,378964.33
4106.0,2.0,1.5,2011.0,1.0,1.0,7218.0,0.0,Downtown,870974.33
2637.0,3.0,2.5,1959.0,0.0,2.0,10333.0,1.0,Suburbs,456377.35
1623.0,3.0,2.5,1985.0,1.0,1.0,14665.0,1.0,Suburbs,388529.62
2071.0,2.0,3.5,1984.0,3.0,1.0,14056.0,1.0,Rural,273784.85
2935.0,1.0,2.0,1987.0,1.0,3.0,16761.0,0.0,Suburbs,495581.99
3967.0,4.0,3.0,1989.0,3.0,1.0,2539.0,1.0,Suburbs,632763.95
3267.0,3.0,2.0,2003.0,1.0,1.0,10378.0,0.0,Suburbs,480157.73
4707.0,3.0,1.5,1981.0,3.0,2.0,14619.0,0.0,Uptown,922605.81
4418.0,2.0,1.5,1969.0,2.0,1.0,19770.0,1.0,Rural,500082.89
3915.0,6.0,3.0,1983.0,0.0,1.0,4562.0,0.0,Waterfront,948608.74
3254.0,4.0,2.0,2013.0,2.0,3.0,17824.0,1.0,Downtown,860662.95
1875.0,3.0,2.0,1973.0,1.0,2.0,2139.0,0.0,Waterfront,489814.7
2415.0,2.0,3.5,1951.0,0.0,3.0,5545.0,0.0,Suburbs,345174.2
1123.0,5.0,2.5,2022.0,2.0,2.0,17246.0,0.0,Waterfront,572562.68
2246.0,6.0,2.5,1964.0,0.0,2.0,16162.0,1.0,Downtown,650118.9
4677.0,1.0,1.0,1994.0,2.0,1.0,19510.0,0.0,Rural,480950.96
2474.0,6.0,2.0,2009.0,3.0,2.0,12817.0,0.0,Waterfront,810147.34
1100.0,5.0,3.0,1970.0,0.0,1.0,13088.0,0.0,Downtown,397562.25
3469.0,1.0,3.5,1975.0,1.0,3.0,11627.0,1.0,Rural,393924.9
4836.0,5.0,4.5,1970.0,2.0,1.0,11211.0,0.0,Downtown,1006122.63
4417.0,1.0,4.5,1961.0,0.0,1.0,11251.0,0.0,Waterfront,1059461.19
1806.0,1.0,1.0,1961.0,1.0,2.0,7265.0,0.0,Rural,187745.22
2597.0,1.0,2.0,1963.0,1.0,2.0,17362.0,0.0,Waterfront,744701.76
2937.0,3.0,2.5,1983.0,0.0,1.0,8419.0,0.0,Waterfront,735849.29
1690.0,4.0,3.0,1989.0,3.0,2.0,12996.0,0.0,Suburbs,384461.84
1782.0,3.0,2.5,1951.0,1.0,1.0,14047.0,1.0,Uptown,502901.06
1641.0,1.0,4.0,2012.0,3.0,3.0,11679.0,1.0,Rural,291830.96
4977.0,2.0,2.0,2000.0,2.0,2.0,13006.0,0.0,Downtown,1093749.0
3883.0,6.0,3.5,1955.0,3.0,3.0,2879.0,0.0,Suburbs,625414.64
4300.0,6.0,1.0,2012.0,3.0,3.0,7687.0,0.0,Downtown,988552.59
4193.0,5.0,4.0,1952.0,2.0,2.0,10069.0,1.0,Waterfront,1058039.52
4821.0,1.0,4.5,1991.0,1.0,3.0,9096.0,0.0,Suburbs,713261.88
1063.0,5.0,4.0,1984.0,1.0,1.0,18345.0,0.0,Uptown,410233.53
4480.0,5.0,2.0,1987.0,3.0,3.0,18149.0,1.0,Uptown,1006772.87
892.0,4.0,1.5,2020.0,1.0,2.0,14811.0,0.0,Suburbs,278239.27
2692.0,1.0,3.0,2018.0,2.0,3.0,8341.0,0.0,Rural,338242.99
3216.0,6.0,2.0,1970.0,0.0,1.0,2917.0,0.0,Waterfront,796531.93
2174.0,3.0,4.0,1992.0,3.0,1.0,15593.0,0.0,Uptown,603248.13
1243.0,1.0,3.0,2020.0,2.0,3.0,17912.0,0.0,Waterfront,554288.4
1446.0,2.0,3.0,2003.0,1.0,2.0,10813.0,1.0,Downtown,501713.67
4229.0,3.0,4.5,2015.0,2.0,1.0,16880.0,0.0,Waterfront,1100866.37
2002.0,1.0,4.0,1982.0,1.0,2.0,18752.0,0.0,Downtown,547089.51
1965.0,2.0,2.0,1970.0,0.0,1.0,11840.0,1.0,Downtown,470436.39
4663.0,3.0,1.0,1987.0,3.0,2.0,5772.0,1.0,Downtown,1019277.62
1233.0,6.0,1.0,2010.0,3.0,3.0,2403.0,0.0,Suburbs,320616.67
4628.0,1.0,2.5,2018.0,3.0,3.0,15625.0,0.0,Waterfront,1221596.69
4653.0,4.0,3.0,2000.0,1.0,2.0,12124.0,0.0,Suburbs,712845.95
3234.0,6.0,1.0,2002.0,1.0,2.0,4766.0,0.0,Rural,355168.31
1328.0,5.0,1.0,1987.0,0.0,3.0,2982.0,0.0,Uptown,335561.31
1285.0,6.0,3.0,1973.0,2.0,1.0,19451.0,0.0,Downtown,557529.48
1853.0,2.0,4.0,1981.0,1.0,1.0,7767.0,1.0,Uptown,504089.45
3141.0,5.0,1.5,1986.0,3.0,1.0,7887.0,0.0,Suburbs,555400.21
1276.0,6.0,3.5,2010.0,3.0,3.0,13321.0,0.0,Suburbs,386800.49
2605.0,2.0,1.0,1991.0,0.0,2.0,8560.0,0.0,Uptown,564134.57
1108.0,3.0,3.5,2008.0,3.0,1.0,18433.0,1.0,Rural,251991.44
2977.0,4.0,4.0,1952.0,0.0,1.0,14257.0,0.0,Uptown,629132.71
693.0,3.0,4.0,2006.0,1.0,1.0,8440.0,0.0,Suburbs,228334.45
3720.0,2.0,3.5,1987.0,1.0,3.0,6799.0,0.0,Rural,380128.64
843.0,6.0,3.5,2023.0,3.0,2.0,17481.0,0.0,Rural,238920.27
1457.0,6.0,4.0,1984.0,2.0,1.0,12651.0,0.0,Suburbs,341559.8
1368.0,3.0,3.5,1985.0,3.0,1.0,18531.0,1.0,Waterfront,652209.2
4257.0,5.0,2.0,1959.0,2.0,2.0,8212.0,0.0,Waterfront,1066872.18
834.0,3.0,4.5,2009.0,3.0,2.0,2378.0,0.0,Rural,208898.06
2489.0,5.0,3.5,2001.0,3.0,3.0,18185.0,0.0,Suburbs,496072.93
3201.0,4.0,4.5,2013.0,3.0,1.0,6309.0,0.0,Suburbs,603207.42
2870.0,3.0,3.5,1956.0,1.0,1.0,17219.0,0.0,Uptown,602806.86
3595.0,1.0,4.5,1965.0,1.0,1.0,14778.0,0.0,Downtown,784968.3
4134.0,4.0,1.5,2014.0,3.0,2.0,6172.0,0.0,Suburbs,638819.46
2332.0,2.0,1.5,1953.0,3.0,3.0,15623.0,0.0,Downtown,662630.02
4244.0,2.0,1.0,1987.0,3.0,2.0,3468.0,1.0,Downtown,907547.34
1999.0,2.0,3.0,1979.0,2.0,1.0,9063.0,0.0,Rural,257520.77
4932.0,6.0,3.0,2019.0,3.0,2.0,8418.0,1.0,Downtown,1111846.31
2820.0,1.0,1.5,2013.0,2.0,2.0,13822.0,0.0,Uptown,591239.12
3839.0,5.0,1.0,2016.0,2.0,1.0,11621.0,0.0,Uptown,824546.93
4450.0,6.0,4.0,1971.0,0.0,3.0,13019.0,0.0,Downtown,1021378.98
4088.0,1.0,4.5,1993.0,2.0,2.0,10572.0,0.0,Waterfront,1068083.26
4345.0,4.0,3.0,2001.0,2.0,1.0,15316.0,1.0,Waterfront,1184608.45
2961.0,4.0,2.5,2021.0,3.0,2.0,4881.0,0.0,Rural,295094.94
791.0,3.0,2.5,1950.0,3.0,3.0,14936.0,0.0,Rural,160965.43
2770.0,5.0,1.0,2022.0,1.0,3.0,2900.0,1.0,Suburbs,499121.78
1398.0,3.0,1.0,1976.0,1.0,1.0,3545.0,0.0,Waterfront,409453.07
4513.0,3.0,4.0,1959.0,3.0,3.0,15026.0,0.0,Rural,499891.95
1641.0,3.0,2.0,1995.0,3.0,2.0,4848.0,0.0,Uptown,392369.33
1603.0,5.0,3.0,2007.0,0.0,2.0,15863.0,1.0,Rural,305982.24
1697.0,4.0,3.0,1959.0,1.0,1.0,4389.0,0.0,Waterfront,515380.82
3427.0,3.0,2.0,1953.0,3.0,3.0,4640.0,0.0,Rural,388737.78
3113.0,6.0,1.0,2016.0,0.0,3.0,18785.0,1.0,Downtown,829318.94
4775.0,5.0,3.5,2019.0,3.0,1.0,5191.0,0.0,Suburbs,747762.19
2431.0,6.0,1.5,1961.0,0.0,2.0,18444.0,1.0,Downtown,661151.88
1842.0,5.0,2.0,2016.0,0.0,3.0,8266.0,1.0,Suburbs,393324.3
816.0,3.0,4.5,2017.0,3.0,2.0,16354.0,0.0,Waterfront,446065.76
631.0,5.0,3.0,2023.0,2.0,1.0,18910.0,1.0,Downtown,413375.1
2244.0,2.0,4.0,1966.0,2.0,3.0,4101.0,0.0,Waterfront,619118.2
4674.0,2.0,1.0,1992.0,3.0,1.0,7948.0,0.0,Suburbs,754597.95
2905.0,3.0,1.0,2023.0,1.0,2.0,12337.0,0.0,Uptown,592837.67
4532.0,6.0,2.0,2016.0,2.0,2.0,17580.0,0.0,Uptown,930085.49
1047.0,4.0,2.0,1994.0,2.0,3.0,5370.0,0.0,Downtown,383265.37
1010.0,3.0,1.0,1964.0,2.0,2.0,5361.0,0.0,Downtown,372402.57
4268.0,3.0,4.0,1956.0,1.0,3.0,8631.0,0.0,Suburbs,656569.31
1069.0,2.0,1.5,1969.0,2.0,3.0,5682.0,0.0,Downtown,360679.55
828.0,4.0,3.5,1954.0,1.0,3.0,6807.0,0.0,Rural,155216.41
2378.0,3.0,3.5,1964.0,2.0,3.0,4337.0,1.0,Uptown,529040.71
4670.0,4.0,3.5,1955.0,3.0,3.0,16921.0,0.0,Waterfront,1227342.61
3633.0,3.0,1.5,2006.0,1.0,3.0,16341.0,0.0,Waterfront,973726.77
1036.0,2.0,2.0,1993.0,2.0,3.0,4600.0,0.0,Suburbs,266426.73
4284.0,6.0,3.0,1988.0,3.0,2.0,11661.0,0.0,Waterfront,1102859.2
4312.0,3.0,2.0,2009.0,3.0,1.0,13631.0,0.0,Downtown,1003642.68
4123.0,1.0,3.0,1980.0,3.0,1.0,13296.0,0.0,Uptown,819782.83
4572.0,3.0,1.5,1979.0,2.0,3.0,19711.0,0.0,Rural,517948.48
1655.0,4.0,1.0,1965.0,1.0,1.0,13543.0,1.0,Uptown,416569.14
4911.0,1.0,3.5,1982.0,3.0,3.0,14367.0,0.0,Rural,513633.78
2011.0,2.0,3.5,1962.0,2.0,3.0,2591.0,0.0,Waterfront,592966.29
4129.0,1.0,1.0,1993.0,0.0,2.0,3426.0,1.0,Uptown,738047.53
3149.0,4.0,4.5,2023.0,1.0,3.0,13141.0,0.0,Suburbs,584544.96
4030.0,5.0,1.0,1989.0,1.0,1.0,18342.0,0.0,Uptown,818899.2
3363.0,6.0,4.0,1972.0,3.0,2.0,9183.0,0.0,Waterfront,944993.63
3427.0,3.0,3.0,2000.0,0.0,3.0,13576.0,0.0,Waterfront,888768.2
3312.0,6.0,4.0,2010.0,2.0,3.0,5781.0,0.0,Waterfront,927529.06
4028.0,2.0,4.5,1984.0,2.0,1.0,10214.0,0.0,Suburbs,646096.02
3852.0,5.0,2.0,1968.0,0.0,3.0,15523.0,0.0,Suburbs,642870.37
1192.0,4.0,4.0,2002.0,2.0,2.0,13875.0,1.0,Uptown,427429.13
4235.0,5.0,1.0,1963.0,3.0,3.0,4055.0,0.0,Uptown,798292.48
2959.0,5.0,2.0,2023.0,2.0,2.0,17823.0,0.0,Rural,416766.35
2021.0,4.0,1.5,1973.0,2.0,2.0,18689.0,0.0,Waterfront,693858.06
2863.0,2.0,2.5,1975.0,1.0,1.0,10588.0,0.0,Uptown,584442.37
4855.0,4.0,4.0,2003.0,0.0,2.0,8133.0,0.0,Suburbs,778851.69
4374.0,5.0,2.5,1950.0,0.0,3.0,11564.0,0.0,Waterfront,1053825.27
4269.0,6.0,1.0,1965.0,1.0,3.0,16425.0,0.0,Uptown,902266.71
2636.0,6.0,2.0,1959.0,2.0,1.0,10144.0,0.0,Rural,304640.98
4050.0,2.0,4.5,1978.0,0.0,1.0,2542.0,0.0,Downtown,826563.53
2294.0,4.0,3.0,1990.0,3.0,3.0,3306.0,0.0,Uptown,547216.31
3619.0,1.0,3.0,1963.0,2.0,2.0,16609.0,0.0,Uptown,736397.12
3414.0,5.0,2.0,1975.0,1.0,3.0,16168.0,0.0,Downtown,807211.08
1699.0,6.0,2.0,2007.0,3.0,1.0,15897.0,0.0,Suburbs,372704.17
1772.0,1.0,3.5,2019.0,0.0,2.0,4275.0,0.0,Rural,209612.66
869.0,4.0,3.0,1951.0,3.0,1.0,5072.0,0.0,Downtown,343331.47
1215.0,6.0,4.0,1996.0,1.0,3.0,9102.0,0.0,Downtown,431573.3
2508.0,6.0,3.0,1951.0,1.0,3.0,6155.0,1.0,Downtown,651932.71
2703.0,3.0,4.5,1988.0,1.0,1.0,8963.0,0.0,Downtown,622734.26
1326.0,1.0,4.5,2015.0,3.0,1.0,12053.0,0.0,Uptown,414384.05
2434.0,6.0,1.5,2009.0,1.0,3.0,7041.0,0.0,Uptown,538430.15
3258.0,6.0,2.5,1967.0,3.0,1.0,4222.0,0.0,Rural,374419.49
1623.0,4.0,2.5,1969.0,1.0,3.0,9245.0,0.0,Uptown,414204.26
2088.0,6.0,1.5,2007.0,1.0,3.0,15007.0,0.0,Uptown,534234.6
2217.0,1.0,1.5,2010.0,2.0,1.0,13124.0,1.0,Waterfront,685064.16
2822.0,4.0,4.0,1970.0,2.0,1.0,7786.0,0.0,Suburbs,464016.08
2212.0,1.0,2.0,1950.0,1.0,3.0,7605.0,1.0,Rural,239637.38
3843.0,6.0,1.0,1982.0,0.0,1.0,12506.0,0.0,Downtown,889874.65
2041.0,5.0,2.0,1995.0,1.0,2.0,5105.0,0.0,Waterfront,600987.63
2509.0,6.0,2.0,1982.0,2.0,1.0,17006.0,0.0,Suburbs,449654.36
2270.0,4.0,1.5,2019.0,0.0,2.0,17649.0,0.0,Suburbs,444462.98
1405.0,1.0,1.5,2010.0,0.0,2.0,2457.0,0.0,Downtown,376626.79
3617.0,1.0,4.0,2008.0,3.0,3.0,19475.0,0.0,Uptown,796484.78
1636.0,3.0,4.0,1951.0,0.0,3.0,2421.0,0.0,Suburbs,330068.6
1906.0,5.0,2.0,2013.0,1.0,2.0,10254.0,0.0,Waterfront,615367.45
4088.0,1.0,3.5,2005.0,3.0,2.0,14012.0,0.0,Downtown,953973.2
4775.0,6.0,4.0,1979.0,1.0,2.0,7886.0,0.0,Uptown,946953.46
3552.0,2.0,4.0,1993.0,1.0,3.0,5665.0,0.0,Waterfront,903358.85
4632.0,3.0,1.0,2010.0,0.0,1.0,2854.0,1.0,Waterfront,1037493.65
4359.0,2.0,4.5,2017.0,3.0,1.0,15093.0,0.0,Rural,483339.79
2716.0,3.0,1.0,1990.0,2.0,2.0,2663.0,0.0,Uptown,574295.52
3990.0,3.0,1.5,1953.0,3.0,3.0,10716.0,0.0,Waterfront,991692.71
2045.0,1.0,2.5,1995.0,3.0,3.0,9072.0,0.0,Suburbs,421951.91
2626.0,4.0,3.0,2000.0,1.0,1.0,19419.0,0.0,Waterfront,818066.88
2956.0,5.0,1.5,1954.0,0.0,1.0,18745.0,0.0,Uptown,659592.18
4827.0,6.0,2.5,2010.0,1.0,2.0,16716.0,0.0,Suburbs,755967.32
4334.0,2.0,2.5,1964.0,0.0,2.0,15153.0,0.0,Suburbs,648038.31
2753.0,6.0,2.0,2015.0,2.0,2.0,11772.0,0.0,Uptown,635642.34
3472.0,6.0,4.5,1990.0,0.0,1.0,8287.0,1.0,Downtown,838464.99
1490.0,6.0,2.5,1973.0,3.0,3.0,5000.0,1.0,Rural,255589.94
4140.0,3.0,1.0,1954.0,2.0,3.0,19425.0,0.0,Suburbs,692891.25
3033.0,6.0,1.0,1951.0,1.0,3.0,8928.0,0.0,Suburbs,496536.94
2944.0,4.0,1.5,2004.0,3.0,2.0,9718.0,0.0,Downtown,712122.25
3972.0,1.0,1.5,1977.0,3.0,1.0,4541.0,0.0,Uptown,733249.48
3385.0,2.0,3.5,2012.0,1.0,2.0,6982.0,0.0,Suburbs,517970.28
918.0,5.0,2.5,1967.0,0.0,1.0,13423.0,0.0,Downtown,397785.56
1868.0,1.0,2.0,2018.0,1.0,1.0,9674.0,0.0,Waterfront,565984.94
1377.0,3.0,4.0,2019.0,2.0,2.0,12546.0,0.0,Rural,239905.62
3834.0,5.0,3.5,1957.0,3.0,2.0,5807.0,0.0,Suburbs,625269.39
754.0,1.0,1.0,1997.0,1.0,1.0,3477.0,1.0,Downtown,273141.89
1490.0,3.0,2.0,2019.0,2.0,3.0,17942.0,1.0,Waterfront,611204.71
3229.0,2.0,2.5,1973.0,1.0,1.0,9777.0,0.0,Rural,332119.75
3657.0,4.0,4.0,1955.0,0.0,2.0,8501.0,0.0,Uptown,739123.97
2815.0,2.0,2.0,2014.0,1.0,2.0,7150.0,0.0,Rural,329662.11
4388.0,6.0,1.0,1985.0,0.0,2.0,13844.0,0.0,Downtown,930372.8
4644.0,1.0,3.0,1952.0,1.0,3.0,12135.0,0.0,Uptown,871996.55
1181.0,6.0,2.0,2012.0,1.0,3.0,9003.0,1.0,Downtown,458287.53
4792.0,5.0,1.0,2000.0,1.0,3.0,18757.0,0.0,Rural,524575.0
3303.0,6.0,3.0,1955.0,3.0,2.0,18232.0,0.0,Waterfront,957490.18
3400.0,6.0,1.0,1969.0,1.0,1.0,5573.0,1.0,Uptown,716579.49
1018.0,2.0,4.5,1951.0,2.0,2.0,13563.0,0.0,Rural,149785.04
3336.0,6.0,4.5,2020.0,2.0,2.0,19431.0,0.0,Rural,434954.2
3793.0,4.0,2.5,1951.0,2.0,2.0,10789.0,0.0,Waterfront,974691.17
3156.0,6.0,3.5,2008.0,1.0,2.0,2543.0,1.0,Downtown,801668.08
971.0,6.0,3.0,1987.0,3.0,1.0,4378.0,0.0,Suburbs,288856.45
2902.0,4.0,3.5,1993.0,0.0,2.0,14018.0,1.0,Suburbs,518179.38
4719.0,3.0,1.5,2010.0,1.0,3.0,18235.0,0.0,Rural,570412.34
3783.0,1.0,2.0,2016.0,3.0,2.0,4311.0,0.0,Uptown,694515.67
1204.0,1.0,1.0,1959.0,1.0,3.0,11843.0,0.0,Rural,193599.9
4824.0,3.0,3.5,1951.0,2.0,3.0,10943.0,1.0,Uptown,955688.37
4820.0,5.0,1.5,1959.0,0.0,3.0,7131.0,1.0,Waterfront,1133900.11
1345.0,4.0,3.0,2000.0,2.0,1.0,13370.0,0.0,Rural,258274.83
4124.0,3.0,3.0,1992.0,3.0,3.0,17803.0,0.0,Downtown,979045.75
2389.0,2.0,4.0,1956.0,2.0,2.0,6306.0,1.0,Waterfront,707634.56
3212.0,4.0,2.0,1967.0,2.0,2.0,2979.0,0.0,Waterfront,757106.11
2559.0,4.0,1.5,1989.0,3.0,2.0,8462.0,0.0,Downtown,661880.4
4044.0,6.0,3.5,2004.0,1.0,1.0,7653.0,1.0,Suburbs,659642.33
4986.0,5.0,1.0,1975.0,1.0,3.0,15090.0,0.0,Waterfront,1269654.59
4099.0,4.0,1.5,2020.0,0.0,2.0,11663.0,0.0,Waterfront,1038892.48
4698.0,6.0,4.5,2023.0,2.0,3.0,2322.0,0.0,Uptown,950443.24
4763.0,3.0,4.5,2006.0,2.0,3.0,8116.0,0.0,Uptown,939365.32
996.0,6.0,3.0,1983.0,3.0,2.0,15232.0,1.0,Downtown,494764.29
1715.0,3.0,4.5,2014.0,2.0,3.0,10581.0,0.0,Uptown,508572.98
3776.0,1.0,1.5,2003.0,0.0,2.0,12132.0,0.0,Rural,427797.46
3196.0,3.0,1.5,1988.0,2.0,2.0,6757.0,0.0,Suburbs,528102.75
820.0,1.0,2.0,1982.0,3.0,3.0,7749.0,0.0,Suburbs,178437.47
1018.0,1.0,1.0,2011.0,0.0,3.0,4341.0,0.0,Waterfront,324339.99
2890.0,6.0,4.5,1991.0,1.0,3.0,3469.0,0.0,Uptown,661283.9
3311.0,5.0,1.0,1963.0,3.0,3.0,2663.0,0.0,Suburbs,496236.35
1338.0,2.0,3.5,2023.0,1.0,2.0,13239.0,0.0,Suburbs,355816.53
1353.0,6.0,4.0,1955.0,3.0,3.0,4837.0,0.0,Uptown,425592.57
1169.0,1.0,3.5,2001.0,2.0,1.0,12328.0,0.0,Suburbs,278976.19
3086.0,2.0,1.0,1998.0,2.0,3.0,19153.0,0.0,Uptown,653975.46
634.0,5.0,2.0,1993.0,2.0,2.0,14550.0,0.0,Waterfront,415905.19
3119.0,2.0,3.0,1953.0,2.0,2.0,12357.0,0.0,Rural,417395.88
2694.0,5.0,4.0,1986.0,3.0,3.0,4103.0,0.0,Suburbs,466413.07
2650.0,6.0,2.0,2016.0,3.0,1.0,10801.0,0.0,Uptown,622899.82
3589.0,1.0,2.0,1967.0,1.0,3.0,18042.0,0.0,Uptown,716922.94
2900.0,1.0,4.0,2001.0,3.0,2.0,8918.0,0.0,Rural,384422.61
3802.0,6.0,4.5,2013.0,2.0,2.0,16872.0,1.0,Rural,492047.11
3962.0,4.0,2.5,2020.0,2.0,1.0,14752.0,0.0,Uptown,821852.34
4649.0,4.0,1.5,1988.0,1.0,2.0,6802.0,0.0,Suburbs,724226.85
4117.0,3.0,3.0,1973.0,1.0,3.0,4542.0,0.0,Rural,444112.35
2878.0,3.0,4.5,2001.0,2.0,1.0,2305.0,0.0,Downtown,640736.74
2765.0,5.0,4.5,1985.0,1.0,2.0,6970.0,0.0,Rural,311325.4
1637.0,4.0,2.0,1996.0,1.0,3.0,7992.0,0.0,Waterfront,580314.25
3238.0,1.0,1.5,2004.0,3.0,2.0,13806.0,0.0,Rural,390312.7
1212.0,4.0,3.5,2002.0,1.0,2.0,12306.0,1.0,Uptown,388235.9
4698.0,5.0,4.0,1967.0,2.0,2.0,10623.0,0.0,Waterfront,1136982.11
4319.0,1.0,4.0,2005.0,0.0,1.0,15012.0,0.0,Uptown,813524.03
1126.0,3.0,1.0,1990.0,0.0,2.0,15862.0,1.0,Uptown,358050.39
4058.0,5.0,2.0,2018.0,3.0,3.0,14843.0,0.0,Waterfront,1078728.08
1115.0,4.0,2.5,1998.0,0.0,2.0,18148.0,1.0,Downtown,450668.33
3774.0,1.0,1.5,2015.0,3.0,2.0,8475.0,1.0,Rural,410361.49
986.0,1.0,4.5,2022.0,3.0,1.0,16821.0,0.0,Rural,213850.47
2748.0,4.0,1.0,2023.0,1.0,3.0,9574.0,0.0,Uptown,655610.25
3495.0,3.0,3.0,2005.0,3.0,3.0,5315.0,0.0,Downtown,799413.92
3807.0,6.0,4.5,1994.0,1.0,3.0,4624.0,0.0,Rural,428662.63
2442.0,4.0,3.0,1958.0,3.0,2.0,3646.0,0.0,Suburbs,438001.38
4656.0,6.0,4.5,1978.0,0.0,2.0,19201.0,0.0,Waterfront,1228827.05
4007.0,2.0,2.5,1985.0,1.0,2.0,5050.0,0.0,Rural,424326.82
1516.0,3.0,4.0,2007.0,1.0,1.0,17035.0,1.0,Suburbs,400710.37
3554.0,1.0,2.5,1993.0,3.0,1.0,16104.0,0.0,Uptown,756814.71
3815.0,4.0,1.0,1982.0,0.0,2.0,9906.0,0.0,Downtown,893663.65
2068.0,2.0,2.0,1960.0,3.0,2.0,18449.0,0.0,Uptown,564284.4
3848.0,3.0,2.0,2002.0,0.0,1.0,18350.0,1.0,Downtown,891510.95
4553.0,3.0,3.0,1981.0,1.0,3.0,18659.0,0.0,Waterfront,1193023.55
4196.0,2.0,2.0,1952.0,2.0,2.0,10944.0,0.0,Rural,426694.58
3955.0,1.0,2.5,1971.0,0.0,3.0,7368.0,0.0,Suburbs,589796.27
3392.0,4.0,2.5,2015.0,1.0,1.0,2788.0,0.0,Waterfront,813268.31
1790.0,6.0,2.0,1958.0,3.0,1.0,17126.0,0.0,Downtown,559507.51
4099.0,2.0,3.5,1980.0,3.0,1.0,17714.0,0.0,Uptown,865160.19
2202.0,3.0,2.5,1987.0,0.0,3.0,11652.0,0.0,Downtown,601881.73
2942.0,2.0,4.0,1956.0,2.0,1.0,3277.0,0.0,Downtown,653241.11
1983.0,5.0,2.0,1962.0,2.0,3.0,16811.0,1.0,Suburbs,475967.93
1977.0,3.0,4.0,2019.0,0.0,3.0,7369.0,1.0,Suburbs,414830.46
1293.0,6.0,2.5,1993.0,2.0,1.0,11871.0,0.0,Rural,242672.9
4830.0,2.0,1.5,1965.0,2.0,2.0,13870.0,0.0,Waterfront,1156607.67
1250.0,1.0,1.0,1962.0,2.0,1.0,4626.0,0.0,Rural,186736.05
979.0,4.0,4.5,1981.0,1.0,2.0,3129.0,1.0,Rural,211349.48
4719.0,4.0,4.0,2003.0,1.0,1.0,3426.0,1.0,Uptown,893934.61
3042.0,6.0,1.5,2004.0,2.0,3.0,19264.0,0.0,Suburbs,592836.85
2527.0,6.0,3.5,1964.0,2.0,3.0,19230.0,0.0,Suburbs,569575.15
3845.0,6.0,3.5,2003.0,0.0,1.0,9683.0,0.0,Waterfront,1000793.46
2286.0,4.0,1.0,2016.0,0.0,1.0,9664.0,0.0,Uptown,517942.15
1162.0,3.0,2.0,1966.0,2.0,3.0,9322.0,0.0,Uptown,367418.15
3811.0,3.0,3.5,1951.0,3.0,2.0,8309.0,0.0,Downtown,844645.84
1374.0,1.0,4.0,2020.0,0.0,2.0,11789.0,0.0,Uptown,372772.74
3033.0,3.0,4.0,1988.0,0.0,3.0,8413.0,0.0,Rural,362966.64
4776.0,3.0,1.0,2007.0,3.0,1.0,13091.0,0.0,Uptown,932999.87
4719.0,1.0,1.5,1973.0,2.0,3.0,8821.0,0.0,Rural,530725.74
2187.0,2.0,2.0,1972.0,3.0,2.0,13339.0,0.0,Waterfront,702487.21
4034.0,4.0,1.5,1966.0,3.0,2.0,19010.0,0.0,Downtown,947374.94
3296.0,3.0,3.5,1966.0,3.0,2.0,5704.0,1.0,Waterfront,908210.51
2709.0,6.0,1.5,1984.0,0.0,3.0,3128.0,1.0,Waterfront,755088.65
1215.0,3.0,1.5,1957.0,1.0,2.0,11479.0,0.0,Uptown,382479.41
2256.0,6.0,1.0,2012.0,0.0,1.0,4143.0,0.0,Rural,264113.14
3469.0,4.0,2.5,1987.0,0.0,1.0,6165.0,0.0,Downtown,753303.9
4942.0,1.0,4.5,2017.0,3.0,3.0,16214.0,1.0,Suburbs,819232.66
621.0,2.0,1.5,1987.0,2.0,2.0,9522.0,0.0,Downtown,299283.99
3758.0,5.0,4.5,1972.0,0.0,1.0,11889.0,1.0,Rural,420273.53
4324.0,4.0,2.5,1988.0,0.0,1.0,15971.0,0.0,Waterfront,1113173.79
4786.0,2.0,1.5,1961.0,0.0,1.0,4313.0,0.0,Rural,466208.61
2465.0,4.0,2.5,2010.0,1.0,3.0,10616.0,0.0,Rural,358106.59
1121.0,6.0,3.0,2003.0,1.0,3.0,2620.0,1.0,Downtown,420617.35
1792.0,3.0,1.0,1960.0,1.0,2.0,10985.0,1.0,Waterfront,573328.01
4343.0,1.0,1.0,1993.0,3.0,1.0,6036.0,0.0,Downtown,913408.36
4463.0,2.0,4.5,1989.0,0.0,2.0,18403.0,0.0,Uptown,876363.64
3403.0,6.0,3.0,1964.0,2.0,1.0,6694.0,0.0,Rural,418585.61
1140.0,5.0,2.0,1959.0,1.0,2.0,5603.0,1.0,Waterfront,477015.05
1136.0,6.0,4.5,2006.0,1.0,2.0,2255.0,0.0,Waterfront,488703.97
2704.0,6.0,4.0,1969.0,3.0,3.0,4399.0,0.0,Uptown,624259.32
3188.0,1.0,2.5,1988.0,3.0,1.0,5889.0,0.0,Uptown,620343.84
742.0,2.0,3.5,1968.0,0.0,1.0,6104.0,0.0,Uptown,239679.69
3619.0,1.0,1.0,1998.0,1.0,1.0,15290.0,0.0,Uptown,734164.22
2996.0,1.0,2.0,1953.0,0.0,2.0,17976.0,0.0,Rural,336976.46
654.0,6.0,3.5,1976.0,1.0,2.0,17398.0,1.0,Rural,247296.91
1021.0,6.0,1.5,1990.0,2.0,1.0,19215.0,1.0,Uptown,461245.85
2599.0,1.0,4.5,1982.0,1.0,3.0,18169.0,1.0,Uptown,623100.68
3780.0,5.0,4.5,1995.0,1.0,2.0,10199.0,0.0,Downtown,929624.84
4232.0,4.0,2.0,1963.0,1.0,3.0,9018.0,0.0,Downtown,909536.73
2498.0,1.0,2.5,1982.0,1.0,2.0,13687.0,0.0,Uptown,528641.17
1899.0,6.0,1.0,2005.0,1.0,1.0,7749.0,0.0,Suburbs,357668.65
4861.0,6.0,3.0,1974.0,1.0,1.0,12867.0,0.0,Rural,568533.09
2618.0,4.0,1.5,1961.0,2.0,2.0,19998.0,0.0,Waterfront,862184.62
1988.0,5.0,2.0,2012.0,0.0,2.0,5566.0,0.0,Rural,287030.13
2546.0,3.0,3.5,2007.0,0.0,3.0,15848.0,0.0,Waterfront,814358.72
653.0,5.0,3.5,2000.0,2.0,3.0,18839.0,0.0,Uptown,417109.14
1928.0,3.0,3.0,2009.0,2.0,1.0,11672.0,0.0,Waterfront,655714.9
2868.0,6.0,1.5,2007.0,1.0,1.0,8408.0,0.0,Waterfront,811106.04
4642.0,1.0,4.5,2005.0,0.0,1.0,6586.0,0.0,Downtown,955374.58
3848.0,2.0,3.0,1987.0,2.0,1.0,5024.0,1.0,Rural,439436.39
4038.0,6.0,4.5,1951.0,1.0,1.0,7783.0,0.0,Uptown,774803.8
2998.0,2.0,2.0,1994.0,2.0,1.0,15438.0,0.0,Waterfront,863658.97
1086.0,2.0,4.5,1970.0,0.0,2.0,11277.0,1.0,Uptown,397096.67
2320.0,5.0,2.0,2007.0,0.0,1.0,5986.0,1.0,Downtown,595342.69
4987.0,2.0,4.5,1984.0,2.0,1.0,11758.0,1.0,Suburbs,771798.81
794.0,4.0,1.5,2016.0,1.0,1.0,16563.0,1.0,Downtown,433726.66
4469.0,2.0,1.5,1994.0,2.0,3.0,2246.0,1.0,Suburbs,649668.56
3612.0,2.0,3.0,1990.0,2.0,2.0,2370.0,0.0,Downtown,731605.53
1849.0,6.0,3.5,2018.0,1.0,3.0,19270.0,1.0,Rural,364853.98
4023.0,2.0,3.0,1985.0,0.0,1.0,15469.0,1.0,Uptown,806107.47
4283.0,1.0,2.0,1977.0,0.0,1.0,12361.0,0.0,Rural,443116.71
790.0,5.0,4.5,1977.0,3.0,2.0,18308.0,1.0,Waterfront,536650.87
1068.0,6.0,2.5,2014.0,0.0,2.0,12605.0,1.0,Rural,263328.37
3529.0,1.0,3.5,2005.0,2.0,1.0,11373.0,1.0,Uptown,767760.65
4997.0,5.0,4.0,1962.0,3.0,1.0,5806.0,1.0,Suburbs,767251.51
705.0,4.0,3.5,1986.0,3.0,2.0,16592.0,0.0,Rural,177534.57
3529.0,5.0,3.5,1977.0,1.0,1.0,15770.0,0.0,Uptown,753739.25
1200.0,1.0,4.5,1997.0,0.0,2.0,7321.0,0.0,Rural,199897.32
3461.0,6.0,4.0,1953.0,3.0,3.0,15271.0,0.0,Downtown,887660.89
3343.0,4.0,2.5,2002.0,2.0,2.0,15088.0,1.0,Downtown,864007.45
998.0,6.0,2.5,2004.0,1.0,2.0,3712.0,1.0,Downtown,402500.47
3595.0,3.0,1.5,1966.0,2.0,2.0,4887.0,0.0,Rural,401194.41
4547.0,6.0,3.0,1961.0,0.0,3.0,12710.0,1.0,Uptown,918191.02
4400.0,4.0,4.0,1996.0,2.0,2.0,13225.0,0.0,Suburbs,730575.34
727.0,1.0,2.0,1969.0,2.0,2.0,13848.0,1.0,Suburbs,230207.02
1682.0,6.0,2.5,2019.0,1.0,3.0,8718.0,0.0,Rural,331127.27
1659.0,5.0,1.0,2007.0,1.0,1.0,17041.0,0.0,Waterfront,615119.52
2594.0,2.0,2.0,2020.0,1.0,1.0,10022.0,0.0,Waterfront,730193.83
1229.0,4.0,1.5,1989.0,0.0,2.0,5709.0,0.0,Uptown,343442.89
4359.0,3.0,4.0,2019.0,0.0,1.0,4072.0,0.0,Rural,441118.24
4018.0,4.0,3.5,1951.0,3.0,1.0,17798.0,0.0,Downtown,952685.62
4157.0,6.0,1.5,1971.0,1.0,1.0,14729.0,0.0,Waterfront,1077787.88
1472.0,6.0,1.0,1950.0,0.0,3.0,10307.0,0.0,Downtown,422314.05
664.0,2.0,4.0,2000.0,0.0,2.0,5767.0,0.0,Suburbs,210279.74
4607.0,6.0,4.5,1987.0,1.0,3.0,3737.0,0.0,Rural,453756.95
1871.0,3.0,4.0,1971.0,3.0,1.0,4750.0,0.0,Waterfront,620569.71
3488.0,5.0,1.5,1972.0,1.0,2.0,3901.0,0.0,Downtown,771155.27
4602.0,5.0,1.0,1997.0,3.0,2.0,11529.0,0.0,Rural,530817.56
759.0,3.0,1.0,1963.0,1.0,2.0,5560.0,0.0,Downtown,229415.95
624.0,3.0,4.0,1988.0,3.0,3.0,4300.0,1.0,Downtown,323718.78
623.0,3.0,4.5,1995.0,3.0,3.0,7089.0,0.0,Uptown,340989.88
1287.0,6.0,4.0,1967.0,0.0,2.0,14590.0,1.0,Uptown,550018.53
827.0,3.0,1.0,1966.0,0.0,3.0,10935.0,0.0,Suburbs,255982.31
4208.0,2.0,1.0,1976.0,3.0,1.0,4767.0,1.0,Waterfront,1045115.59
3266.0,3.0,4.0,1993.0,3.0,1.0,15478.0,1.0,Rural,440341.36
4913.0,2.0,4.0,1968.0,0.0,3.0,10812.0,0.0,Uptown,887087.57
4127.0,3.0,3.5,1978.0,2.0,1.0,5361.0,0.0,Uptown,804935.6
4838.0,1.0,1.5,1990.0,3.0,1.0,14442.0,0.0,Uptown,899432.32
1649.0,1.0,1.0,1963.0,3.0,1.0,19868.0,0.0,Downtown,490843.37
1866.0,5.0,1.5,1992.0,1.0,1.0,11724.0,0.0,Rural,237059.77
4338.0,1.0,3.5,1960.0,3.0,2.0,4907.0,0.0,Rural,471619.57
1677.0,4.0,4.5,1960.0,2.0,1.0,7572.0,1.0,Uptown,458439.65
851.0,5.0,3.5,1967.0,3.0,2.0,12789.0,1.0,Uptown,395852.7
3544.0,5.0,2.0,1971.0,0.0,3.0,19990.0,0.0,Waterfront,993902.9
4125.0,3.0,4.5,1952.0,2.0,1.0,18721.0,0.0,Rural,452200.59
4861.0,2.0,1.5,2021.0,0.0,3.0,18798.0,0.0,Suburbs,749741.73
4683.0,6.0,4.5,1972.0,1.0,2.0,16985.0,0.0,Downtown,1064568.34
1129.0,6.0,4.0,2009.0,0.0,2.0,12347.0,1.0,Waterfront,514652.21
3998.0,4.0,3.5,2016.0,1.0,2.0,13662.0,0.0,Rural,455183.75
4323.0,1.0,4.5,2009.0,3.0,1.0,15211.0,0.0,Rural,469417.84
3672.0,1.0,3.5,2011.0,2.0,1.0,14879.0,0.0,Suburbs,628676.89
4207.0,2.0,2.0,1957.0,1.0,2.0,13497.0,0.0,Downtown,918019.28
4287.0,1.0,2.0,1977.0,1.0,3.0,4415.0,0.0,Uptown,734052.77
2565.0,6.0,4.5,2005.0,1.0,2.0,17836.0,0.0,Rural,366930.21
776.0,2.0,3.0,1992.0,2.0,2.0,2173.0,0.0,Suburbs,251986.5
2607.0,2.0,1.0,1950.0,1.0,2.0,9667.0,0.0,Uptown,505449.68
1488.0,6.0,4.5,1991.0,0.0,2.0,9815.0,1.0,Waterfront,602401.95
1100.0,5.0,1.5,2009.0,2.0,1.0,19929.0,0.0,Suburbs,352683.05
1149.0,2.0,3.0,2011.0,3.0,2.0,3611.0,1.0,Suburbs,322457.19
3669.0,3.0,1.0,1978.0,1.0,3.0,10564.0,0.0,Suburbs,587486.67
2820.0,4.0,3.0,1967.0,0.0,1.0,8439.0,0.0,Waterfront,730329.61
2975.0,4.0,2.0,1972.0,0.0,3.0,3758.0,1.0,Uptown,607156.6
3879.0,6.0,2.0,1971.0,3.0,3.0,6027.0,0.0,Waterfront,1009738.25
3012.0,6.0,3.5,1975.0,3.0,1.0,9597.0,0.0,Waterfront,868467.62
3372.0,6.0,4.5,1972.0,0.0,2.0,18495.0,0.0,Uptown,731665.96
978.0,1.0,2.0,1983.0,0.0,3.0,8988.0,0.0,Downtown,354897.22
4345.0,2.0,4.0,1953.0,0.0,2.0,17841.0,1.0,Suburbs,729265.84
2575.0,4.0,2.5,1970.0,1.0,3.0,15208.0,0.0,Uptown,581195.27
1283.0,1.0,1.0,1973.0,3.0,3.0,16741.0,0.0,Suburbs,319146.86
4179.0,3.0,1.0,1961.0,0.0,2.0,17368.0,0.0,Downtown,909300.86
3833.0,1.0,1.0,2014.0,3.0,3.0,14851.0,0.0,Waterfront,994471.03
833.0,6.0,3.5,1999.0,0.0,3.0,15202.0,0.0,Suburbs,253700.09
1449.0,1.0,3.0,2017.0,2.0,3.0,4773.0,0.0,Rural,197676.68
669.0,1.0,2.0,1991.0,1.0,3.0,14907.0,1.0,Waterfront,402313.94
1791.0,2.0,2.5,1958.0,3.0,1.0,2870.0,0.0,Uptown,363056.67
1040.0,1.0,4.0,2016.0,1.0,1.0,15273.0,1.0,Rural,225179.94
3724.0,4.0,3.0,1983.0,1.0,1.0,13770.0,0.0,Downtown,889693.41
2899.0,3.0,1.0,2000.0,0.0,1.0,15625.0,1.0,Rural,386316.4
4913.0,6.0,1.5,1978.0,3.0,3.0,13561.0,0.0,Waterfront,1263016.86
3898.0,2.0,2.5,1986.0,1.0,2.0,8636.0,0.0,Waterfront,909413.71
3291.0,4.0,2.5,1986.0,1.0,2.0,8650.0,0.0,Downtown,774410.56
2841.0,4.0,4.0,1971.0,2.0,1.0,12731.0,0.0,Suburbs,518434.8
839.0,4.0,3.0,1991.0,2.0,3.0,10508.0,0.0,Downtown,396196.78
908.0,5.0,4.5,2004.0,2.0,2.0,8130.0,0.0,Waterfront,510818.57
3312.0,2.0,3.5,1951.0,1.0,3.0,10805.0,0.0,Suburbs,514044.71
619.0,4.0,2.0,1959.0,0.0,1.0,11659.0,0.0,Uptown,185598.35
786.0,5.0,3.5,2012.0,0.0,1.0,6318.0,1.0,Uptown,295551.14
1564.0,6.0,3.5,1992.0,0.0,1.0,13488.0,1.0,Rural,282855.13
4491.0,4.0,3.5,2022.0,2.0,1.0,7655.0,0.0,Waterfront,1128345.15
2619.0,4.0,1.5,1994.0,2.0,3.0,6819.0,1.0,Suburbs,452384.1
3722.0,6.0,3.0,1998.0,2.0,2.0,9531.0,0.0,Rural,405713.57
2411.0,4.0,2.0,2016.0,3.0,2.0,3859.0,0.0,Suburbs,430949.77
1361.0,6.0,4.0,1998.0,0.0,1.0,12857.0,1.0,Downtown,479294.63
2233.0,1.0,4.0,1974.0,3.0,1.0,15201.0,0.0,Downtown,630926.84
1003.0,3.0,3.5,1989.0,3.0,3.0,19205.0,0.0,Suburbs,332499.33
3989.0,1.0,4.5,1967.0,2.0,3.0,7105.0,0.0,Uptown,749078.3
1407.0,1.0,3.5,1974.0,2.0,3.0,11693.0,0.0,Rural,206236.59
2256.0,3.0,1.0,2000.0,0.0,3.0,11064.0,0.0,Waterfront,665522.07
4913.0,2.0,3.5,1961.0,0.0,2.0,15161.0,0.0,Uptown,923021.48
3205.0,3.0,4.0,1999.0,0.0,1.0,13247.0,0.0,Uptown,685342.68
2618.0,3.0,1.5,1993.0,2.0,3.0,16526.0,0.0,Downtown,708409.24
2989.0,4.0,1.0,1972.0,1.0,3.0,17312.0,0.0,Waterfront,858739.11
4050.0,6.0,2.0,1953.0,0.0,2.0,4043.0,0.0,Suburbs,572386.74
1719.0,6.0,4.0,2002.0,0.0,1.0,8391.0,1.0,Rural,252525.0
3400.0,3.0,3.5,2011.0,0.0,3.0,13756.0,0.0,Rural,397519.13
4440.0,2.0,4.0,2004.0,2.0,3.0,11788.0,0.0,Waterfront,1186253.88
3119.0,5.0,4.0,1981.0,2.0,1.0,10678.0,0.0,Waterfront,846071.09
2565.0,1.0,3.0,1998.0,2.0,1.0,5117.0,0.0,Rural,286595.09
1238.0,4.0,3.5,1980.0,0.0,3.0,12304.0,0.0,Rural,220072.68
1692.0,3.0,2.0,1976.0,0.0,1.0,15331.0,0.0,Downtown,485069.68
4763.0,2.0,1.0,1974.0,0.0,3.0,2691.0,0.0,Downtown,940230.24
2982.0,4.0,2.0,1965.0,3.0,3.0,12648.0,0.0,Uptown,663387.55
1926.0,2.0,3.0,2021.0,2.0,1.0,18312.0,1.0,Rural,309752.47
2441.0,2.0,1.5,1999.0,1.0,1.0,12327.0,0.0,Rural,324834.21
3143.0,4.0,1.5,1962.0,0.0,2.0,19151.0,0.0,Suburbs,594782.79
2965.0,2.0,1.0,2014.0,1.0,2.0,8346.0,0.0,Uptown,642599.96
3679.0,5.0,3.5,1961.0,3.0,3.0,2062.0,0.0,Waterfront,929367.65
1733.0,1.0,4.0,1993.0,0.0,2.0,14277.0,0.0,Downtown,501845.14
3457.0,3.0,4.5,1962.0,3.0,1.0,5830.0,1.0,Suburbs,576757.98
2548.0,5.0,2.0,1976.0,1.0,3.0,2174.0,1.0,Waterfront,715402.99
4739.0,2.0,3.0,1998.0,0.0,3.0,5243.0,1.0,Downtown,964269.3
1295.0,5.0,4.0,2023.0,3.0,2.0,18813.0,0.0,Suburbs,426879.84
1253.0,5.0,3.0,2023.0,2.0,3.0,16064.0,0.0,Uptown,472265.23
2631.0,6.0,2.5,2016.0,2.0,3.0,6950.0,0.0,Rural,345847.6
2837.0,2.0,2.5,1967.0,0.0,3.0,12766.0,1.0,Suburbs,466091.37
3640.0,5.0,3.5,1956.0,1.0,3.0,8108.0,0.0,Rural,412135.16
2378.0,6.0,2.0,2017.0,2.0,2.0,5192.0,0.0,Suburbs,401589.69
4621.0,5.0,4.5,2018.0,2.0,1.0,19791.0,0.0,Suburbs,778933.77
2686.0,2.0,4.0,1970.0,0.0,2.0,16652.0,1.0,Uptown,616397.56
1169.0,5.0,1.5,1951.0,2.0,3.0,8543.0,1.0,Downtown,438647.88
1124.0,1.0,3.5,1997.0,3.0,3.0,8362.0,0.0,Rural,250199.25
4883.0,4.0,2.0,1955.0,3.0,3.0,16681.0,0.0,Rural,561113.19
1190.0,3.0,3.0,1952.0,0.0,2.0,10295.0,0.0,Waterfront,464810.05
4771.0,4.0,2.0,2019.0,3.0,2.0,8785.0,0.0,Suburbs,764975.3
1823.0,4.0,2.5,1986.0,2.0,1.0,8971.0,0.0,Suburbs,398941.34
1011.0,1.0,2.5,1958.0,0.0,1.0,10043.0,0.0,Waterfront,404084.18
1941.0,4.0,1.0,1998.0,0.0,1.0,11385.0,0.0,Downtown,503687.08
3305.0,6.0,4.5,1977.0,3.0,3.0,2721.0,0.0,Uptown,682328.64
2483.0,3.0,1.5,1989.0,0.0,3.0,10643.0,1.0,Uptown,586189.02
4057.0,2.0,2.0,2016.0,0.0,1.0,9919.0,0.0,Uptown,770701.79
3288.0,6.0,1.5,1967.0,1.0,2.0,6942.0,0.0,Uptown,672846.35
2363.0,1.0,1.0,1997.0,2.0,2.0,8397.0,0.0,Rural,280184.83
3393.0,3.0,2.5,2011.0,2.0,1.0,9642.0,0.0,Downtown,775491.53
4875.0,4.0,4.0,1981.0,2.0,2.0,8589.0,0.0,Waterfront,1235951.12
2412.0,3.0,4.5,2021.0,3.0,2.0,18350.0,0.0,Waterfront,806727.47
1275.0,6.0,2.0,1983.0,3.0,3.0,11513.0,0.0,Downtown,506550.81
2399.0,3.0,3.0,1983.0,0.0,3.0,11052.0,0.0,Waterfront,707729.71
4297.0,6.0,4.0,2015.0,0.0,1.0,6733.0,0.0,Suburbs,633629.67
1557.0,1.0,1.5,1997.0,0.0,2.0,18495.0,0.0,Downtown,463511.49
4777.0,5.0,4.0,2014.0,1.0,3.0,2417.0,0.0,Suburbs,704157.74
3189.0,4.0,1.5,2008.0,1.0,3.0,11902.0,0.0,Rural,400647.6
3247.0,2.0,1.5,2002.0,3.0,3.0,5038.0,0.0,Waterfront,833112.12
1995.0,2.0,2.5,1967.0,1.0,3.0,15839.0,0.0,Rural,279396.75
4650.0,5.0,1.5,1979.0,0.0,1.0,8809.0,1.0,Waterfront,1097070.82
758.0,4.0,4.5,2013.0,3.0,3.0,7284.0,0.0,Suburbs,335527.79
1914.0,4.0,4.0,1995.0,1.0,3.0,3043.0,1.0,Waterfront,617291.89
2441.0,1.0,2.5,1970.0,3.0,3.0,16228.0,0.0,Rural,342077.02
2700.0,4.0,4.0,1974.0,3.0,3.0,9137.0,1.0,Downtown,716003.36
2686.0,6.0,4.5,2007.0,3.0,1.0,6758.0,0.0,Downtown,697278.32
1251.0,1.0,4.0,1963.0,3.0,1.0,17198.0,0.0,Suburbs,376927.12
1592.0,3.0,4.5,1958.0,0.0,2.0,2351.0,0.0,Downtown,354994.96
1019.0,3.0,3.5,2006.0,2.0,2.0,10439.0,0.0,Suburbs,299641.18
3119.0,6.0,1.0,1971.0,1.0,1.0,4893.0,1.0,Waterfront,796824.4
2144.0,2.0,4.5,2006.0,2.0,1.0,4285.0,0.0,Suburbs,379779.97
3089.0,3.0,3.0,1989.0,2.0,3.0,2389.0,0.0,Rural,331265.14
3195.0,5.0,4.0,2023.0,2.0,2.0,5367.0,0.0,Waterfront,862126.56
3689.0,1.0,4.5,1988.0,1.0,1.0,19048.0,0.0,Suburbs,624806.04
3007.0,5.0,1.5,2014.0,3.0,2.0,10019.0,0.0,Rural,318233.77
3451.0,5.0,2.0,2012.0,2.0,2.0,20000.0,1.0,Uptown,819262.79
3184.0,5.0,1.5,1965.0,3.0,1.0,6811.0,0.0,Suburbs,524677.75
3471.0,4.0,1.5,2023.0,0.0,3.0,15720.0,0.0,Waterfront,927810.09
3313.0,5.0,4.5,2005.0,3.0,2.0,3612.0,0.0,Rural,433624.47
1991.0,5.0,4.5,1957.0,1.0,1.0,3946.0,1.0,Uptown,465451.04
1683.0,6.0,4.0,1950.0,1.0,1.0,2295.0,0.0,Waterfront,508038.89
4065.0,3.0,4.0,1970.0,3.0,3.0,18181.0,0.0,Waterfront,1106002.52
2108.0,3.0,3.5,1951.0,1.0,1.0,14089.0,1.0,Rural,295184.35
3016.0,4.0,3.5,1976.0,1.0,1.0,15388.0,0.0,Waterfront,893599.6
1466.0,2.0,4.0,2023.0,3.0,2.0,18692.0,0.0,Suburbs,461205.4
2498.0,6.0,3.5,1985.0,3.0,2.0,7980.0,0.0,Suburbs,502100.98
2931.0,5.0,3.5,1951.0,1.0,1.0,15006.0,0.0,Suburbs,551149.84
3355.0,4.0,1.5,1986.0,1.0,2.0,11041.0,1.0,Rural,444714.19
2916.0,2.0,3.0,1966.0,0.0,1.0,11768.0,1.0,Waterfront,798157.78
2187.0,3.0,4.0,2013.0,0.0,2.0,13912.0,0.0,Rural,344456.27
4832.0,3.0,3.0,1956.0,2.0,1.0,10459.0,1.0,Uptown,947728.78
2856.0,4.0,2.5,2007.0,1.0,2.0,2432.0,0.0,Rural,329435.68
4157.0,5.0,1.5,1983.0,3.0,3.0,3351.0,1.0,Downtown,937791.53
3842.0,5.0,1.0,1951.0,0.0,3.0,11028.0,0.0,Suburbs,552844.58
3057.0,6.0,3.5,1999.0,2.0,1.0,12258.0,0.0,Rural,401073.98
4501.0,6.0,3.5,1983.0,2.0,1.0,15183.0,0.0,Downtown,1003055.31
1164.0,5.0,4.0,2007.0,2.0,1.0,12299.0,0.0,Waterfront,493408.27
4653.0,3.0,4.0,1995.0,0.0,2.0,5388.0,0.0,Downtown,959761.97
4341.0,4.0,2.5,2008.0,1.0,2.0,8603.0,0.0,Rural,444602.54
2816.0,3.0,4.5,1984.0,2.0,3.0,9988.0,0.0,Rural,355604.16
3827.0,4.0,3.5,1950.0,1.0,3.0,19711.0,0.0,Waterfront,1054012.86
2889.0,5.0,2.5,1959.0,3.0,3.0,11586.0,0.0,Rural,374883.24
1782.0,3.0,4.0,1983.0,2.0,1.0,13430.0,0.0,Uptown,462384.46
4120.0,4.0,1.5,1979.0,1.0,1.0,15240.0,0.0,Rural,483767.06
1682.0,1.0,3.5,2008.0,0.0,3.0,8520.0,1.0,Suburbs,350209.12
1983.0,5.0,4.0,1980.0,0.0,3.0,19361.0,0.0,Uptown,569233.14
2885.0,3.0,3.0,2013.0,1.0,1.0,14149.0,1.0,Waterfront,834001.01
4285.0,3.0,4.5,1963.0,1.0,1.0,17269.0,1.0,Downtown,993104.81
2289.0,4.0,1.5,1978.0,3.0,3.0,15486.0,0.0,Suburbs,497542.36
2774.0,2.0,3.5,2005.0,3.0,2.0,13187.0,0.0,Downtown,750315.44
783.0,4.0,4.0,1959.0,0.0,3.0,2555.0,0.0,Uptown,232736.43
1109.0,5.0,3.0,1973.0,2.0,2.0,12506.0,1.0,Rural,219888.05
846.0,3.0,4.5,2005.0,1.0,3.0,4331.0,0.0,Downtown,314047.83
917.0,1.0,2.5,1993.0,0.0,3.0,12857.0,1.0,Uptown,321495.93
4422.0,3.0,3.5,2007.0,2.0,1.0,14625.0,1.0,Uptown,886729.56
4305.0,2.0,2.5,1988.0,2.0,1.0,11813.0,0.0,Rural,463911.1
4217.0,3.0,4.0,2013.0,0.0,3.0,7552.0,0.0,Suburbs,668628.46
844.0,4.0,1.5,2014.0,1.0,1.0,3068.0,0.0,Downtown,287001.68
941.0,1.0,2.0,2022.0,2.0,1.0,14079.0,1.0,Downtown,414815.84
1834.0,5.0,1.5,1959.0,1.0,3.0,14570.0,1.0,Uptown,508650.04
3087.0,2.0,3.0,1993.0,1.0,1.0,10603.0,0.0,Uptown,664446.72
2070.0,6.0,1.5,1958.0,0.0,1.0,14894.0,0.0,Waterfront,638902.2
2745.0,5.0,2.5,1966.0,0.0,1.0,16024.0,0.0,Uptown,606519.6
1361.0,2.0,4.5,1972.0,3.0,2.0,11225.0,1.0,Downtown,471712.47
3816.0,4.0,2.5,1997.0,2.0,2.0,2858.0,0.0,Rural,383729.26
1981.0,1.0,1.5,1981.0,0.0,3.0,17667.0,1.0,Downtown,588986.62
892.0,1.0,1.5,2013.0,1.0,3.0,10401.0,0.0,Suburbs,243667.23
3868.0,6.0,1.0,1972.0,0.0,2.0,14104.0,0.0,Rural,441166.25
4573.0,5.0,4.0,1995.0,1.0,3.0,18397.0,1.0,Suburbs,820411.03
664.0,1.0,3.5,2006.0,0.0,1.0,8528.0,0.0,Uptown,282702.02
2521.0,2.0,4.5,2022.0,2.0,2.0,13196.0,0.0,Uptown,572719.14
4240.0,2.0,1.5,1968.0,2.0,1.0,2354.0,0.0,Waterfront,973907.87
3707.0,3.0,2.5,2004.0,2.0,1.0,17931.0,0.0,Suburbs,646536.17
4369.0,2.0,1.5,1956.0,1.0,3.0,3064.0,0.0,Waterfront,968940.23
2427.0,2.0,2.5,1990.0,1.0,1.0,11740.0,0.0,Rural,311110.09
2238.0,4.0,3.5,1980.0,0.0,2.0,8332.0,0.0,Rural,241054.42
3721.0,2.0,4.5,2020.0,0.0,2.0,2644.0,0.0,Downtown,822722.06
1276.0,6.0,2.0,2007.0,1.0,1.0,10318.0,0.0,Downtown,465507.6
1653.0,5.0,4.5,2018.0,1.0,3.0,18841.0,0.0,Rural,281165.56
3244.0,5.0,3.0,2012.0,2.0,1.0,5003.0,0.0,Uptown,663983.49
3541.0,2.0,2.5,1980.0,0.0,1.0,7261.0,1.0,Suburbs,507446.34
1126.0,5.0,4.5,2004.0,1.0,2.0,5408.0,0.0,Waterfront,458647.07
2837.0,6.0,2.5,1952.0,3.0,1.0,4249.0,0.0,Suburbs,469216.7
2206.0,2.0,1.0,1991.0,3.0,3.0,6144.0,0.0,Uptown,466422.24
2808.0,5.0,4.5,1953.0,3.0,1.0,12293.0,1.0,Rural,399115.06
4818.0,3.0,4.0,2003.0,1.0,1.0,16050.0,1.0,Waterfront,1285375.93
937.0,5.0,1.5,2021.0,0.0,1.0,14426.0,1.0,Waterfront,491747.99
4981.0,3.0,4.0,2000.0,0.0,1.0,15883.0,1.0,Rural,546013.33
2578.0,5.0,4.0,2012.0,0.0,1.0,14881.0,0.0,Downtown,708585.62
3998.0,1.0,4.5,1967.0,3.0,2.0,8893.0,1.0,Downtown,905064.03
2468.0,3.0,2.5,2023.0,3.0,1.0,18205.0,0.0,Rural,330775.02
1968.0,2.0,3.0,1990.0,3.0,1.0,5102.0,1.0,Uptown,468020.55
3991.0,2.0,3.0,1999.0,2.0,1.0,14596.0,1.0,Downtown,932409.1
3626.0,2.0,3.0,2007.0,1.0,1.0,3996.0,1.0,Rural,403594.66
1233.0,3.0,3.5,1997.0,1.0,2.0,15781.0,0.0,Waterfront,530577.42
3704.0,1.0,3.0,1973.0,3.0,3.0,3568.0,1.0,Downtown,821907.23
3914.0,5.0,3.0,1995.0,3.0,1.0,5891.0,0.0,Waterfront,971375.3
2306.0,4.0,3.0,1998.0,2.0,3.0,9043.0,0.0,Suburbs,463565.44
4673.0,5.0,3.0,2013.0,3.0,3.0,14501.0,0.0,Suburbs,782350.4
3420.0,5.0,1.0,1985.0,1.0,1.0,2819.0,0.0,Rural,428024.23
2068.0,1.0,1.5,1987.0,1.0,2.0,6632.0,0.0,Suburbs,344229.14
647.0,1.0,4.5,1987.0,3.0,2.0,8005.0,0.0,Downtown,327657.46
3570.0,3.0,4.0,1958.0,1.0,2.0,15159.0,0.0,Waterfront,1024642.48
1520.0,3.0,3.5,1956.0,3.0,1.0,19308.0,0.0,Suburbs,386992.29
3929.0,2.0,1.5,1951.0,1.0,2.0,13055.0,0.0,Downtown,842446.24
2910.0,5.0,4.0,1999.0,1.0,1.0,11135.0,0.0,Rural,342319.45
2654.0,4.0,1.5,1980.0,0.0,3.0,8053.0,0.0,Suburbs,485751.66
1320.0,5.0,2.5,2014.0,2.0,2.0,16808.0,0.0,Rural,232710.46
3731.0,1.0,2.5,2001.0,1.0,1.0,3930.0,1.0,Downtown,803876.02
1330.0,5.0,1.0,1960.0,1.0,2.0,4326.0,0.0,Uptown,328198.62
2438.0,2.0,4.0,1957.0,2.0,3.0,5621.0,0.0,Uptown,519347.84
4280.0,3.0,3.0,1977.0,0.0,3.0,6825.0,0.0,Waterfront,982521.69
4650.0,3.0,2.0,2018.0,0.0,1.0,10309.0,0.0,Uptown,906759.43
4953.0,5.0,3.5,1953.0,3.0,3.0,19038.0,0.0,Waterfront,1301135.07
4816.0,2.0,1.5,1963.0,2.0,1.0,13707.0,0.0,Suburbs,692077.76
3046.0,2.0,2.5,1952.0,2.0,1.0,8904.0,0.0,Uptown,640867.26
1482.0,3.0,3.5,1980.0,0.0,1.0,5807.0,0.0,Waterfront,450876.58
4292.0,3.0,2.5,2023.0,2.0,3.0,13671.0,0.0,Downtown,998718.18
4127.0,2.0,4.0,2000.0,1.0,3.0,6556.0,0.0,Waterfront,1035147.41
4958.0,2.0,1.0,1986.0,2.0,2.0,19571.0,1.0,Rural,571861.36
3464.0,2.0,1.0,1960.0,0.0,3.0,10599.0,0.0,Rural,316416.61
1223.0,3.0,3.0,1976.0,2.0,1.0,11914.0,0.0,Suburbs,321913.92
2813.0,3.0,4.5,1988.0,2.0,1.0,18263.0,0.0,Waterfront,862884.66
2572.0,3.0,2.0,1970.0,1.0,3.0,7496.0,0.0,Waterfront,689246.28
4309.0,5.0,1.0,2002.0,0.0,3.0,10492.0,0.0,Suburbs,669413.13
2327.0,2.0,4.0,2022.0,3.0,1.0,11575.0,0.0,Uptown,536892.93
2046.0,6.0,2.5,1965.0,2.0,1.0,6879.0,0.0,Downtown,557405.27
952.0,5.0,1.5,1968.0,2.0,2.0,2983.0,0.0,Suburbs,202045.22
4276.0,2.0,3.0,1959.0,3.0,1.0,7107.0,0.0,Downtown,891731.01
3924.0,2.0,2.0,2003.0,2.0,3.0,4022.0,0.0,Uptown,748894.11
781.0,2.0,4.0,1984.0,0.0,3.0,14162.0,0.0,Uptown,344263.43
2509.0,2.0,2.5,1970.0,1.0,1.0,2129.0,1.0,Uptown,487665.92
2711.0,3.0,3.0,1966.0,3.0,1.0,7697.0,0.0,Rural,363893.18
2665.0,1.0,3.5,1955.0,1.0,3.0,17916.0,0.0,Waterfront,801559.33
4644.0,1.0,1.5,1985.0,3.0,2.0,12235.0,0.0,Downtown,983621.76
1263.0,3.0,2.5,2000.0,0.0,1.0,14083.0,0.0,Suburbs,279056.27
1948.0,5.0,1.0,1967.0,1.0,1.0,14033.0,0.0,Suburbs,356429.6
1396.0,2.0,3.0,1950.0,1.0,3.0,7370.0,0.0,Waterfront,461465.85
1674.0,6.0,4.0,1985.0,2.0,3.0,13382.0,0.0,Downtown,554993.9
4592.0,3.0,4.5,2000.0,0.0,1.0,5981.0,0.0,Downtown,978826.92
4740.0,6.0,2.0,1975.0,0.0,3.0,13439.0,1.0,Downtown,1049524.9
796.0,2.0,2.0,1968.0,2.0,1.0,14296.0,0.0,Rural,151083.23
3381.0,4.0,3.0,1961.0,1.0,1.0,17771.0,1.0,Uptown,761809.41
1624.0,5.0,3.5,2005.0,3.0,2.0,18552.0,0.0,Waterfront,673152.83
1447.0,1.0,4.5,2013.0,3.0,2.0,2431.0,0.0,Suburbs,307008.75
1885.0,6.0,1.0,2006.0,1.0,3.0,7384.0,0.0,Suburbs,409969.73
1455.0,3.0,1.5,1988.0,2.0,3.0,11848.0,0.0,Uptown,425230.73
2757.0,3.0,2.5,2003.0,1.0,1.0,7788.0,1.0,Downtown,683116.11
4981.0,4.0,2.5,1979.0,1.0,2.0,13135.0,0.0,Waterfront,1225600.67
3180.0,4.0,2.5,1951.0,2.0,3.0,17377.0,0.0,Waterfront,872368.53
3782.0,1.0,4.0,1977.0,1.0,2.0,6644.0,0.0,Downtown,808719.94
2770.0,6.0,1.5,2002.0,0.0,1.0,18081.0,1.0,Waterfront,878246.29
661.0,4.0,4.5,1997.0,1.0,1.0,17877.0,0.0,Uptown,375203.68
970.0,6.0,3.5,2023.0,3.0,2.0,18453.0,1.0,Suburbs,402810.27
1783.0,3.0,3.5,2023.0,1.0,2.0,3323.0,1.0,Waterfront,579871.28
1672.0,4.0,3.5,1967.0,1.0,2.0,7277.0,0.0,Uptown,447841.07
4299.0,3.0,1.0,1950.0,2.0,1.0,4234.0,1.0,Suburbs,625534.23
4312.0,6.0,3.5,1970.0,0.0,1.0,4165.0,1.0,Waterfront,1063882.93
4358.0,5.0,1.5,2014.0,1.0,2.0,2956.0,0.0,Rural,449419.26
3406.0,6.0,3.0,2010.0,0.0,3.0,9920.0,0.0,Downtown,829311.95
3047.0,4.0,3.0,1957.0,3.0,2.0,3570.0,0.0,Rural,338550.76
3456.0,5.0,3.5,1961.0,3.0,2.0,7324.0,0.0,Rural,445466.79
2390.0,3.0,2.0,1991.0,3.0,3.0,19665.0,0.0,Suburbs,553759.07
3549.0,3.0,2.5,1998.0,0.0,3.0,17910.0,0.0,Uptown,783635.96
4096.0,5.0,2.5,2022.0,2.0,3.0,18868.0,0.0,Waterfront,1199268.42
3957.0,1.0,1.5,2005.0,2.0,2.0,2659.0,0.0,Downtown,770628.64
3301.0,5.0,3.0,1965.0,3.0,3.0,13897.0,0.0,Rural,381249.06
855.0,1.0,1.0,1952.0,0.0,2.0,13410.0,0.0,Waterfront,336360.99
3790.0,4.0,2.5,1996.0,2.0,2.0,4389.0,0.0,Waterfront,949742.77
2213.0,3.0,3.5,1990.0,0.0,2.0,18312.0,0.0,Suburbs,443964.81
3872.0,3.0,1.0,2018.0,2.0,3.0,9279.0,0.0,Suburbs,582981.62
2974.0,3.0,4.0,1992.0,3.0,3.0,19581.0,0.0,Waterfront,965405.79
4478.0,3.0,2.0,1987.0,0.0,1.0,4051.0,0.0,Uptown,846623.71
2089.0,3.0,1.5,1972.0,0.0,3.0,13703.0,1.0,Uptown,553018.44
4699.0,3.0,3.5,1956.0,3.0,1.0,4353.0,0.0,Uptown,888194.33
4316.0,4.0,3.0,2014.0,0.0,2.0,19099.0,0.0,Uptown,905421.74
2057.0,5.0,3.0,2011.0,2.0,3.0,12937.0,0.0,Rural,293732.57
2723.0,4.0,4.0,1962.0,2.0,2.0,3361.0,0.0,Uptown,570769.45
2938.0,4.0,2.5,2002.0,1.0,1.0,5867.0,0.0,Suburbs,538134.7
3982.0,6.0,4.0,1976.0,3.0,2.0,8467.0,0.0,Uptown,820419.05
3632.0,6.0,2.0,1982.0,3.0,2.0,2231.0,0.0,Rural,395042.57
4349.0,1.0,3.0,2012.0,1.0,2.0,2156.0,0.0,Waterfront,1026498.59
2227.0,5.0,1.5,2012.0,0.0,1.0,18659.0,0.0,Uptown,604510.9
2821.0,2.0,3.0,1964.0,0.0,2.0,19662.0,0.0,Rural,333863.45
2496.0,2.0,2.0,1972.0,0.0,1.0,11652.0,0.0,Uptown,518937.88
4602.0,5.0,3.5,2010.0,3.0,2.0,18249.0,1.0,Rural,553951.86
1942.0,1.0,4.0,2017.0,2.0,3.0,13794.0,0.0,Suburbs,418352.23
3183.0,6.0,4.0,1955.0,2.0,3.0,2504.0,1.0,Uptown,707942.17
1128.0,5.0,4.5,2011.0,0.0,2.0,14861.0,0.0,Downtown,444510.31
4342.0,6.0,1.5,1986.0,3.0,3.0,2326.0,0.0,Suburbs,697111.62
2290.0,5.0,1.0,1993.0,2.0,1.0,16697.0,0.0,Rural,329640.78
2098.0,6.0,4.0,1955.0,3.0,3.0,8605.0,0.0,Downtown,666573.8
3165.0,1.0,2.0,2000.0,1.0,2.0,4542.0,0.0,Suburbs,491280.77
2795.0,6.0,1.5,2000.0,2.0,3.0,6653.0,1.0,Rural,362602.54
4331.0,1.0,2.5,1999.0,2.0,3.0,14301.0,0.0,Waterfront,1117767.87
2938.0,2.0,4.5,2008.0,1.0,2.0,17245.0,0.0,Uptown,673802.59
2875.0,1.0,2.5,2020.0,2.0,2.0,12273.0,0.0,Uptown,590324.42
1062.0,3.0,1.0,2012.0,1.0,3.0,4888.0,0.0,Uptown,309586.97
696.0,5.0,3.5,2005.0,3.0,1.0,18203.0,0.0,Rural,212927.16
2354.0,2.0,1.5,2022.0,2.0,1.0,16232.0,0.0,Uptown,539242.06
4993.0,5.0,2.0,1999.0,2.0,2.0,9378.0,0.0,Downtown,1074004.12
4637.0,4.0,1.5,1999.0,2.0,2.0,11980.0,0.0,Uptown,857997.24
3368.0,4.0,3.5,1990.0,1.0,3.0,19351.0,0.0,Suburbs,607022.83
3376.0,6.0,2.5,2006.0,3.0,1.0,8793.0,0.0,Rural,419289.4
2323.0,3.0,4.5,1955.0,0.0,2.0,2463.0,0.0,Downtown,527249.9
1381.0,3.0,2.0,1987.0,2.0,1.0,4623.0,0.0,Rural,189527.76
637.0,6.0,1.0,1981.0,0.0,1.0,12806.0,1.0,Downtown,351599.74
2091.0,4.0,1.0,2017.0,1.0,3.0,19959.0,1.0,Waterfront,750502.39
1992.0,4.0,1.5,1955.0,2.0,3.0,15318.0,0.0,Rural,290371.41
1443.0,2.0,2.5,1997.0,1.0,3.0,13124.0,0.0,Downtown,469584.16
1740.0,2.0,1.0,1963.0,3.0,1.0,7814.0,1.0,Waterfront,538885.75
709.0,2.0,2.0,2015.0,2.0,2.0,9909.0,0.0,Uptown,305973.73
3275.0,2.0,4.0,2013.0,1.0,3.0,2690.0,0.0,Rural,368751.32
4681.0,2.0,4.5,1967.0,1.0,1.0,8680.0,0.0,Downtown,962852.75
3640.0,5.0,3.0,2014.0,2.0,3.0,13223.0,0.0,Downtown,959767.18
2572.0,1.0,4.0,1986.0,3.0,3.0,18304.0,1.0,Waterfront,848258.44
2449.0,4.0,4.0,2021.0,1.0,2.0,18604.0,1.0,Uptown,658144.14
1953.0,6.0,3.5,2004.0,2.0,2.0,16782.0,1.0,Rural,325209.17
1226.0,5.0,4.0,1952.0,2.0,1.0,2386.0,0.0,Waterfront,407166.52
3233.0,3.0,1.0,1965.0,0.0,3.0,16602.0,0.0,Uptown,695609.93
3093.0,1.0,4.0,1979.0,3.0,3.0,5935.0,1.0,Suburbs,513078.83
632.0,6.0,2.0,1965.0,2.0,3.0,13092.0,0.0,Waterfront,406761.3
2428.0,1.0,3.0,1959.0,0.0,3.0,19035.0,0.0,Downtown,619252.96
1823.0,5.0,4.5,2022.0,2.0,2.0,17984.0,0.0,Uptown,544476.41
1349.0,5.0,2.5,2014.0,2.0,3.0,13960.0,0.0,Waterfront,545150.92
3694.0,2.0,1.5,1982.0,3.0,1.0,7387.0,0.0,Suburbs,562241.5
2914.0,5.0,2.5,1965.0,0.0,3.0,11376.0,0.0,Suburbs,525193.38
3389.0,2.0,2.5,1963.0,1.0,1.0,14667.0,0.0,Uptown,694943.25
3740.0,2.0,4.0,2017.0,0.0,2.0,11256.0,0.0,Downtown,882766.38
4920.0,5.0,4.5,1974.0,2.0,1.0,9280.0,0.0,Downtown,1081653.91
4132.0,6.0,3.0,1950.0,2.0,1.0,9251.0,0.0,Suburbs,666994.12
3330.0,2.0,4.0,1979.0,1.0,2.0,12800.0,0.0,Waterfront,936666.23
4468.0,6.0,2.5,1983.0,3.0,2.0,2644.0,0.0,Suburbs,683951.36
2701.0,6.0,2.0,1996.0,2.0,1.0,19967.0,1.0,Rural,399285.39
4933.0,5.0,4.0,1975.0,1.0,3.0,3837.0,0.0,Uptown,913394.64
3951.0,1.0,3.0,2018.0,0.0,1.0,19722.0,0.0,Rural,494805.67
3464.0,2.0,3.0,1997.0,1.0,3.0,2636.0,0.0,Suburbs,527522.88
4575.0,5.0,2.5,2023.0,3.0,1.0,11227.0,1.0,Waterfront,1208009.07
2866.0,6.0,3.5,1977.0,1.0,2.0,9516.0,0.0,Suburbs,526791.89
3771.0,5.0,4.0,1998.0,3.0,1.0,12330.0,0.0,Rural,436812.5
1853.0,3.0,2.0,1977.0,2.0,3.0,9804.0,0.0,Waterfront,611704.79
4839.0,2.0,1.5,2001.0,2.0,3.0,18152.0,0.0,Uptown,976146.02
3343.0,6.0,1.5,2005.0,1.0,1.0,2299.0,1.0,Rural,378483.43
4041.0,2.0,1.0,1973.0,2.0,1.0,19742.0,0.0,Downtown,939027.29
2627.0,3.0,2.5,2019.0,0.0,2.0,14410.0,0.0,Uptown,568667.75
4414.0,6.0,3.0,2013.0,0.0,3.0,16015.0,0.0,Suburbs,740829.05
926.0,4.0,4.0,2016.0,1.0,1.0,4516.0,0.0,Waterfront,391470.87
1102.0,2.0,1.0,1966.0,2.0,1.0,3173.0,0.0,Waterfront,427244.59
2831.0,1.0,4.5,2003.0,2.0,2.0,9146.0,1.0,Rural,362610.63
3823.0,3.0,3.0,1957.0,1.0,1.0,7807.0,1.0,Waterfront,942522.2
4161.0,6.0,1.0,1957.0,1.0,1.0,16094.0,1.0,Waterfront,1073366.46
2536.0,3.0,2.0,2022.0,2.0,1.0,18139.0,0.0,Rural,386565.65
3459.0,5.0,2.0,1961.0,2.0,2.0,9694.0,1.0,Uptown,729686.68
3034.0,2.0,4.5,2013.0,0.0,3.0,15831.0,0.0,Suburbs,527451.2
4831.0,5.0,4.0,1981.0,1.0,2.0,3072.0,0.0,Waterfront,1148055.48
3478.0,5.0,4.0,1972.0,2.0,1.0,15360.0,0.0,Downtown,874106.97
2434.0,4.0,3.5,1955.0,3.0,2.0,3788.0,0.0,Downtown,613396.82
4868.0,5.0,2.5,1999.0,1.0,2.0,14023.0,1.0,Waterfront,1263973.76
1072.0,4.0,2.0,2003.0,3.0,1.0,8879.0,1.0,Downtown,443628.75
4933.0,3.0,4.5,1984.0,2.0,1.0,9475.0,1.0,Downtown,1083429.93
1277.0,5.0,1.5,2009.0,1.0,1.0,6974.0,1.0,Uptown,404047.41
1868.0,6.0,2.5,1973.0,2.0,3.0,9258.0,0.0,Uptown,508684.63
4215.0,6.0,1.5,1990.0,3.0,3.0,17740.0,0.0,Downtown,1053981.32
3829.0,2.0,2.5,1971.0,0.0,1.0,16561.0,1.0,Suburbs,628895.37
4870.0,5.0,2.0,1993.0,0.0,1.0,8126.0,0.0,Suburbs,699609.92
3900.0,1.0,1.0,1960.0,1.0,2.0,7288.0,1.0,Suburbs,579632.71
3403.0,4.0,2.0,1985.0,0.0,1.0,11164.0,0.0,Downtown,786016.52
2124.0,4.0,4.0,1990.0,3.0,3.0,14327.0,0.0,Rural,280357.3
620.0,3.0,3.5,1991.0,3.0,3.0,5282.0,0.0,Uptown,240493.7
1145.0,6.0,4.0,1983.0,2.0,1.0,15072.0,0.0,Waterfront,572972.9
1910.0,6.0,4.0,1997.0,3.0,1.0,19077.0,1.0,Downtown,725662.07
780.0,1.0,4.5,1987.0,0.0,1.0,17202.0,1.0,Rural,161017.0
2836.0,2.0,2.5,1970.0,2.0,2.0,11869.0,0.0,Waterfront,785655.48
4021.0,2.0,4.5,1965.0,1.0,3.0,7758.0,0.0,Uptown,760148.87
4839.0,6.0,4.0,1997.0,1.0,2.0,7823.0,0.0,Rural,519455.75
2755.0,4.0,4.0,2019.0,1.0,1.0,15354.0,0.0,Uptown,666100.78
4450.0,5.0,2.5,2005.0,2.0,1.0,10187.0,0.0,Uptown,852346.99
4937.0,5.0,1.0,1997.0,2.0,1.0,3916.0,0.0,Waterfront,1128511.56
4384.0,5.0,3.0,2018.0,0.0,1.0,14198.0,0.0,Uptown,877556.22
2646.0,1.0,4.5,2016.0,2.0,2.0,4485.0,0.0,Uptown,561546.86
2031.0,1.0,4.0,1987.0,3.0,2.0,19765.0,0.0,Waterfront,692083.12
4903.0,3.0,3.5,1958.0,0.0,1.0,9512.0,1.0,Uptown,932141.19
1664.0,3.0,1.0,1996.0,3.0,1.0,8156.0,0.0,Downtown,472084.98
2411.0,5.0,2.5,1996.0,2.0,3.0,2994.0,0.0,Rural,292897.56
925.0,1.0,3.5,1970.0,1.0,3.0,5019.0,0.0,Rural,160292.97
4092.0,3.0,3.5,2012.0,2.0,2.0,19059.0,1.0,Suburbs,723712.29
3459.0,2.0,2.0,2014.0,2.0,2.0,11668.0,1.0,Rural,439410.92
973.0,2.0,2.5,1974.0,3.0,2.0,18235.0,0.0,Downtown,409733.44
1576.0,2.0,1.5,1985.0,0.0,2.0,19207.0,0.0,Suburbs,320020.34
3044.0,2.0,2.5,1964.0,0.0,1.0,2880.0,1.0,Waterfront,731583.31
2978.0,4.0,3.0,1963.0,2.0,2.0,8854.0,0.0,Rural,356846.9
4129.0,3.0,1.0,1969.0,1.0,3.0,17090.0,0.0,Rural,434012.1
1771.0,3.0,4.0,1977.0,0.0,2.0,10922.0,1.0,Rural,229017.16
4669.0,3.0,1.0,1970.0,1.0,3.0,11160.0,0.0,Downtown,984389.44
2556.0,5.0,3.5,1961.0,2.0,2.0,12262.0,0.0,Waterfront,755823.49
4220.0,6.0,2.5,1983.0,0.0,1.0,14636.0,1.0,Suburbs,665267.21
1649.0,4.0,4.5,1996.0,3.0,2.0,18898.0,0.0,Rural,325532.53
762.0,4.0,4.5,1974.0,1.0,3.0,17965.0,0.0,Waterfront,457269.13
842.0,5.0,3.5,1989.0,0.0,2.0,13252.0,0.0,Suburbs,303445.29
2240.0,5.0,3.0,1970.0,0.0,2.0,12386.0,1.0,Rural,313982.77
4794.0,1.0,3.0,2002.0,3.0,1.0,8498.0,1.0,Downtown,1043886.97
814.0,6.0,3.5,1997.0,0.0,3.0,4094.0,1.0,Rural,177937.51
2223.0,1.0,1.0,2021.0,1.0,2.0,14762.0,0.0,Uptown,463333.44
1080.0,3.0,2.0,1953.0,2.0,1.0,2046.0,1.0,Downtown,311542.34
4699.0,4.0,1.5,2013.0,2.0,2.0,14567.0,1.0,Rural,538457.76
3572.0,3.0,2.5,1975.0,1.0,1.0,10945.0,0.0,Waterfront,918182.23
3956.0,2.0,3.0,1954.0,0.0,3.0,16157.0,0.0,Downtown,832925.15
3739.0,6.0,1.0,2001.0,2.0,3.0,19087.0,0.0,Waterfront,1077563.96
3491.0,1.0,1.0,1962.0,1.0,1.0,11954.0,1.0,Waterfront,857207.4
4005.0,2.0,4.5,1963.0,0.0,3.0,12307.0,0.0,Uptown,788534.25
635.0,6.0,2.5,2022.0,0.0,1.0,10773.0,0.0,Waterfront,395778.98
4408.0,5.0,1.5,1966.0,2.0,2.0,8713.0,1.0,Suburbs,717312.54
3856.0,1.0,3.5,1990.0,0.0,2.0,3599.0,1.0,Rural,430231.07
3854.0,5.0,3.0,1964.0,1.0,1.0,2556.0,1.0,Rural,427736.75
2331.0,6.0,4.5,1959.0,0.0,3.0,15014.0,0.0,Uptown,607997.34
4124.0,1.0,4.0,1950.0,3.0,3.0,18470.0,0.0,Waterfront,1087289.44
2280.0,3.0,4.0,1951.0,2.0,2.0,2969.0,0.0,Waterfront,690809.94
815.0,3.0,3.5,1985.0,3.0,1.0,7889.0,0.0,Rural,145961.02
4595.0,1.0,2.5,1982.0,0.0,3.0,12948.0,1.0,Uptown,871481.11
1632.0,2.0,4.0,1952.0,1.0,2.0,14686.0,0.0,Waterfront,583925.96
1048.0,2.0,2.0,1975.0,1.0,3.0,15235.0,0.0,Uptown,375986.78
3336.0,2.0,2.0,1970.0,2.0,2.0,14496.0,0.0,Rural,403904.73
1628.0,3.0,4.5,1992.0,3.0,1.0,3509.0,0.0,Downtown,487989.97
4376.0,3.0,4.5,2023.0,0.0,1.0,6570.0,1.0,Suburbs,631881.07
2552.0,2.0,2.0,2001.0,3.0,1.0,10446.0,0.0,Waterfront,780004.47
619.0,2.0,3.0,2017.0,2.0,1.0,3148.0,0.0,Uptown,240677.73
4788.0,2.0,4.0,1964.0,3.0,1.0,8177.0,0.0,Uptown,927203.6
2864.0,5.0,4.0,1965.0,0.0,1.0,8930.0,0.0,Waterfront,723769.84
1757.0,2.0,1.0,2005.0,3.0,3.0,19606.0,0.0,Suburbs,425084.21
3580.0,6.0,3.0,1972.0,1.0,3.0,7708.0,1.0,Suburbs,594652.44
2935.0,4.0,1.0,2012.0,1.0,1.0,19485.0,0.0,Downtown,781818.0
730.0,5.0,4.5,1984.0,0.0,1.0,14605.0,0.0,Suburbs,274951.76
3943.0,4.0,1.5,1964.0,3.0,3.0,14461.0,1.0,Uptown,856482.44
2366.0,2.0,4.0,2012.0,3.0,2.0,16756.0,0.0,Rural,318836.46
3679.0,4.0,1.5,1990.0,0.0,2.0,17162.0,0.0,Suburbs,613665.77
4541.0,2.0,2.0,2009.0,1.0,3.0,6004.0,0.0,Uptown,835920.82
3287.0,1.0,1.5,1983.0,2.0,2.0,9576.0,0.0,Suburbs,535702.75
3555.0,2.0,4.0,1959.0,2.0,3.0,11508.0,0.0,Waterfront,958396.42
1720.0,2.0,2.5,2000.0,0.0,2.0,19582.0,1.0,Uptown,511399.4
1645.0,1.0,3.0,1959.0,1.0,2.0,2730.0,1.0,Downtown,390125.69
2426.0,1.0,1.5,1999.0,1.0,1.0,10582.0,0.0,Rural,294190.47
4353.0,6.0,2.0,1980.0,1.0,2.0,5856.0,0.0,Suburbs,729716.91
2906.0,4.0,4.5,2008.0,3.0,3.0,5722.0,0.0,Waterfront,881678.13
2131.0,3.0,4.0,2014.0,0.0,2.0,15712.0,0.0,Suburbs,364320.01
4031.0,6.0,1.5,1980.0,2.0,1.0,5634.0,0.0,Waterfront,1004287.58
4355.0,2.0,2.0,2015.0,3.0,2.0,16281.0,0.0,Rural,526466.49
4572.0,3.0,2.5,1958.0,3.0,3.0,19891.0,0.0,Downtown,1053974.82
1915.0,6.0,3.0,1957.0,3.0,3.0,15976.0,1.0,Rural,313493.73
3723.0,4.0,3.5,2023.0,0.0,2.0,5058.0,1.0,Rural,416860.89
3197.0,3.0,1.5,1992.0,0.0,3.0,4563.0,0.0,Uptown,628873.49
2575.0,2.0,4.5,1983.0,3.0,1.0,9868.0,1.0,Downtown,657764.25
2346.0,1.0,1.0,1961.0,2.0,2.0,11919.0,0.0,Uptown,542610.97
1104.0,1.0,2.0,1971.0,2.0,2.0,16010.0,0.0,Rural,202811.18
1809.0,1.0,4.0,2000.0,1.0,1.0,9609.0,0.0,Downtown,470719.39
3019.0,5.0,3.5,2010.0,2.0,3.0,5007.0,0.0,Suburbs,556223.75
4501.0,4.0,2.5,2017.0,0.0,3.0,19847.0,0.0,Rural,485640.23
4412.0,3.0,4.0,1980.0,1.0,1.0,18282.0,0.0,Uptown,881932.25
1425.0,5.0,2.5,1983.0,2.0,1.0,13773.0,0.0,Waterfront,551892.12
3589.0,1.0,3.0,1962.0,0.0,3.0,14518.0,0.0,Suburbs,623468.55
973.0,2.0,1.5,1956.0,0.0,3.0,18834.0,0.0,Rural,174765.48
3570.0,3.0,1.0,1982.0,0.0,3.0,10548.0,0.0,Uptown,645800.87
2104.0,6.0,2.0,1992.0,0.0,1.0,4616.0,0.0,Suburbs,363614.62
2579.0,4.0,3.0,1957.0,3.0,3.0,12907.0,0.0,Waterfront,799572.76
3758.0,6.0,4.0,1980.0,2.0,3.0,10116.0,0.0,Rural,468540.11
2469.0,2.0,2.0,1997.0,3.0,3.0,16396.0,0.0,Uptown,670488.49
4153.0,6.0,4.0,2010.0,1.0,3.0,15889.0,0.0,Suburbs,754777.44
2948.0,1.0,3.0,2019.0,2.0,3.0,10486.0,0.0,Waterfront,829642.06
4995.0,2.0,1.0,1975.0,3.0,2.0,8621.0,1.0,Downtown,1035141.61
3408.0,4.0,3.5,1978.0,1.0,1.0,9597.0,0.0,Downtown,820323.69
1904.0,1.0,3.0,2014.0,2.0,1.0,13385.0,0.0,Downtown,540712.91
4012.0,6.0,2.0,2001.0,2.0,3.0,13467.0,0.0,Rural,463028.57
2395.0,6.0,2.5,1970.0,3.0,3.0,11211.0,0.0,Downtown,661930.15
2950.0,4.0,2.5,2000.0,3.0,1.0,11574.0,0.0,Rural,342961.79
1202.0,2.0,3.0,1961.0,2.0,2.0,19855.0,0.0,Downtown,454175.5
1125.0,1.0,3.5,1983.0,2.0,1.0,6567.0,1.0,Rural,187256.79
3130.0,4.0,2.5,1972.0,3.0,1.0,5129.0,0.0,Rural,377257.92
1421.0,4.0,2.5,2023.0,2.0,2.0,16385.0,0.0,Waterfront,597409.79
4990.0,5.0,2.0,1952.0,1.0,2.0,18837.0,0.0,Suburbs,754898.52
4365.0,4.0,2.0,2013.0,2.0,2.0,12956.0,0.0,Downtown,951917.7
3684.0,1.0,2.0,1970.0,2.0,2.0,9228.0,1.0,Rural,416153.24
3833.0,1.0,2.5,1952.0,0.0,2.0,8273.0,0.0,Uptown,696721.9
3219.0,5.0,3.5,1998.0,2.0,3.0,10424.0,0.0,Waterfront,905182.18
865.0,1.0,1.5,2000.0,2.0,1.0,2944.0,1.0,Downtown,298161.59
2326.0,6.0,3.5,1960.0,3.0,1.0,11515.0,0.0,Uptown,591580.92
2782.0,1.0,1.0,1952.0,2.0,2.0,6852.0,0.0,Downtown,641943.66
4628.0,5.0,2.0,1958.0,0.0,2.0,6776.0,0.0,Uptown,824546.39
1565.0,6.0,4.5,1980.0,3.0,3.0,12086.0,0.0,Downtown,563664.57
2786.0,3.0,4.5,1959.0,2.0,3.0,19346.0,0.0,Rural,402971.76
2114.0,1.0,3.0,2002.0,1.0,2.0,5705.0,1.0,Rural,253460.64
1191.0,6.0,3.0,1955.0,3.0,1.0,18407.0,0.0,Downtown,501866.2
1053.0,2.0,1.5,2008.0,1.0,1.0,11349.0,0.0,Uptown,332931.36
2208.0,4.0,2.0,2014.0,1.0,2.0,19513.0,0.0,Uptown,558373.87
962.0,6.0,3.0,2003.0,3.0,2.0,8880.0,0.0,Rural,219700.47
895.0,5.0,4.5,2019.0,3.0,2.0,19945.0,0.0,Uptown,453944.87
2144.0,1.0,3.0,2019.0,2.0,1.0,13879.0,0.0,Uptown,546470.86
1488.0,5.0,4.0,1953.0,1.0,3.0,14057.0,0.0,Waterfront,546079.84
3041.0,1.0,2.5,1975.0,3.0,2.0,12138.0,1.0,Uptown,674511.76
677.0,5.0,1.0,2006.0,0.0,2.0,10130.0,0.0,Waterfront,404287.35
1928.0,4.0,1.5,1975.0,2.0,1.0,11452.0,0.0,Waterfront,668609.5
2594.0,2.0,3.0,2004.0,2.0,3.0,17314.0,1.0,Waterfront,878803.23
4838.0,3.0,3.0,2007.0,3.0,2.0,16263.0,1.0,Waterfront,1262533.21
3392.0,1.0,2.0,2023.0,1.0,1.0,2428.0,1.0,Rural,378202.32
4476.0,6.0,4.5,1974.0,3.0,1.0,14503.0,1.0,Uptown,950465.09
2110.0,2.0,3.0,1975.0,0.0,2.0,17020.0,0.0,Uptown,523472.51
2579.0,2.0,2.5,1951.0,3.0,1.0,15395.0,0.0,Suburbs,454349.58
2450.0,4.0,1.0,1971.0,0.0,3.0,10951.0,1.0,Waterfront,678691.16
4505.0,5.0,3.0,1970.0,2.0,3.0,8039.0,0.0,Rural,483203.57
4821.0,4.0,3.5,1983.0,0.0,3.0,14118.0,0.0,Waterfront,1219841.07
4835.0,4.0,1.5,1981.0,3.0,2.0,13946.0,1.0,Rural,556090.99
3909.0,4.0,2.5,2013.0,3.0,2.0,8733.0,0.0,Uptown,817254.95
2814.0,6.0,2.0,2007.0,0.0,2.0,9314.0,0.0,Suburbs,503258.76
2980.0,3.0,3.0,2003.0,3.0,2.0,8635.0,0.0,Waterfront,849753.19
4915.0,5.0,1.5,1950.0,1.0,2.0,2809.0,0.0,Rural,498789.29
1852.0,5.0,4.0,1984.0,2.0,2.0,2570.0,0.0,Waterfront,574716.96
2125.0,6.0,2.0,2003.0,0.0,3.0,3495.0,0.0,Uptown,488916.01
4547.0,6.0,2.5,1968.0,0.0,1.0,9628.0,1.0,Uptown,930806.46
2300.0,5.0,1.5,1981.0,0.0,1.0,11187.0,0.0,Downtown,590339.78
1634.0,2.0,4.0,2003.0,2.0,3.0,9350.0,0.0,Downtown,504826.09
3066.0,5.0,1.5,2008.0,2.0,3.0,19194.0,1.0,Rural,430895.11
2031.0,5.0,4.5,2013.0,3.0,3.0,6046.0,1.0,Suburbs,446502.29
4520.0,2.0,2.0,1981.0,0.0,2.0,9073.0,0.0,Downtown,911667.1
4600.0,5.0,4.5,1979.0,2.0,2.0,6452.0,0.0,Rural,504778.96
1946.0,2.0,1.5,1978.0,0.0,1.0,7395.0,0.0,Rural,220103.62
2930.0,4.0,1.0,1999.0,1.0,1.0,12515.0,1.0,Downtown,734967.13
4930.0,5.0,4.0,1981.0,0.0,3.0,7578.0,0.0,Uptown,907349.63
3866.0,2.0,4.0,1979.0,0.0,2.0,7720.0,0.0,Uptown,733850.3
1548.0,3.0,3.5,1962.0,2.0,2.0,14075.0,0.0,Downtown,514033.87
3199.0,5.0,1.0,1985.0,3.0,1.0,16945.0,0.0,Rural,403785.63
3328.0,3.0,4.0,1967.0,2.0,2.0,5826.0,0.0,Suburbs,483880.54
3475.0,6.0,2.0,1988.0,3.0,3.0,4005.0,1.0,Waterfront,971599.29
710.0,1.0,4.0,2015.0,2.0,2.0,6310.0,1.0,Downtown,346774.6
1917.0,5.0,4.0,2007.0,0.0,2.0,12398.0,0.0,Waterfront,630577.21
4361.0,5.0,4.5,1985.0,1.0,3.0,19275.0,0.0,Downtown,1064424.76
1662.0,6.0,3.5,2022.0,3.0,1.0,4880.0,0.0,Rural,229247.37
1918.0,1.0,3.0,2022.0,0.0,1.0,2769.0,0.0,Rural,253358.69
2019.0,6.0,3.0,1982.0,0.0,2.0,11508.0,0.0,Uptown,510340.83
1380.0,3.0,1.0,2006.0,3.0,2.0,19837.0,0.0,Suburbs,321263.37
1284.0,3.0,2.5,1975.0,0.0,3.0,11946.0,0.0,Downtown,422512.24
2127.0,3.0,3.5,2015.0,3.0,1.0,18641.0,0.0,Suburbs,465090.19
4447.0,4.0,4.5,1977.0,3.0,1.0,13562.0,0.0,Rural,495013.77
606.0,4.0,3.5,1969.0,2.0,2.0,2568.0,0.0,Rural,119428.86
1846.0,3.0,3.0,1959.0,2.0,2.0,9694.0,0.0,Downtown,509765.61
866.0,1.0,1.0,2012.0,0.0,3.0,15861.0,0.0,Downtown,348825.28
3071.0,6.0,2.0,1971.0,1.0,2.0,11171.0,0.0,Uptown,620551.49
1702.0,2.0,3.5,2010.0,3.0,2.0,5506.0,0.0,Uptown,473764.2
4085.0,1.0,4.0,1956.0,3.0,1.0,5257.0,1.0,Waterfront,996587.06
3174.0,4.0,2.0,1987.0,1.0,2.0,13944.0,1.0,Rural,380841.62
4049.0,3.0,1.5,1981.0,3.0,2.0,10334.0,0.0,Uptown,776476.91
3394.0,4.0,2.5,1982.0,3.0,2.0,12334.0,0.0,Uptown,756205.8
2529.0,6.0,1.0,1962.0,0.0,2.0,8714.0,0.0,Rural,273194.2
4389.0,1.0,3.5,1955.0,2.0,2.0,8103.0,0.0,Uptown,814593.43
2696.0,2.0,3.5,1975.0,2.0,1.0,13991.0,1.0,Rural,339801.27
4780.0,4.0,4.5,1984.0,2.0,1.0,2139.0,0.0,Downtown,970637.51
4977.0,5.0,4.5,2008.0,3.0,1.0,9827.0,0.0,Waterfront,1240211.01
3192.0,4.0,1.0,1984.0,3.0,2.0,8672.0,0.0,Waterfront,846572.01
3568.0,3.0,1.5,1968.0,2.0,3.0,16028.0,0.0,Uptown,755595.31
1725.0,4.0,2.5,1969.0,1.0,3.0,15112.0,0.0,Uptown,484582.81
4185.0,6.0,1.5,1995.0,3.0,1.0,9668.0,1.0,Uptown,857035.19
3555.0,3.0,4.5,1982.0,3.0,1.0,6729.0,0.0,Waterfront,925478.64
4572.0,6.0,1.5,2016.0,2.0,2.0,6244.0,0.0,Downtown,1021895.36
1775.0,5.0,1.5,1982.0,2.0,1.0,5802.0,0.0,Suburbs,308044.29
4066.0,2.0,4.5,1991.0,0.0,2.0,6926.0,1.0,Rural,442768.28
2669.0,2.0,4.5,1954.0,1.0,2.0,15691.0,0.0,Rural,315124.9
1414.0,5.0,1.5,1964.0,0.0,3.0,2815.0,0.0,Suburbs,247837.9
1353.0,2.0,2.0,2012.0,2.0,2.0,2470.0,0.0,Downtown,396159.29
3074.0,3.0,3.5,1975.0,3.0,3.0,11719.0,0.0,Uptown,671712.46
2005.0,2.0,3.0,1981.0,0.0,2.0,6022.0,1.0,Rural,227116.92
1048.0,4.0,4.5,1993.0,3.0,3.0,16956.0,0.0,Rural,279885.08
2479.0,2.0,2.5,1954.0,0.0,2.0,15540.0,0.0,Downtown,637014.24
3473.0,4.0,1.5,1987.0,0.0,2.0,15844.0,1.0,Downtown,795304.35
2003.0,6.0,2.5,1975.0,3.0,2.0,10226.0,0.0,Suburbs,388429.3
4804.0,5.0,3.0,1960.0,0.0,2.0,9880.0,0.0,Uptown,913186.43
4030.0,6.0,3.0,1980.0,2.0,3.0,9660.0,0.0,Downtown,924858.15
2856.0,1.0,3.5,1983.0,3.0,2.0,5530.0,1.0,Downtown,728232.37
4713.0,3.0,4.5,1963.0,1.0,1.0,12212.0,0.0,Uptown,913683.41
2505.0,2.0,4.5,1990.0,0.0,2.0,17543.0,0.0,Suburbs,485601.64
1214.0,6.0,2.5,2005.0,1.0,2.0,6619.0,0.0,Rural,187655.93
757.0,5.0,2.5,1969.0,0.0,2.0,3022.0,0.0,Downtown,291376.01
4728.0,2.0,3.0,2021.0,2.0,1.0,12165.0,0.0,Waterfront,1146321.9
4823.0,4.0,2.0,1995.0,3.0,1.0,9186.0,0.0,Downtown,1072117.11
3853.0,4.0,2.5,2007.0,3.0,1.0,16354.0,0.0,Uptown,847715.96
1053.0,3.0,1.5,1955.0,3.0,2.0,17419.0,0.0,Waterfront,474187.24
1892.0,3.0,2.5,2006.0,3.0,1.0,19112.0,1.0,Rural,341976.94
780.0,1.0,3.5,1974.0,3.0,2.0,9077.0,0.0,Waterfront,437454.12
825.0,3.0,4.5,2002.0,3.0,1.0,18232.0,1.0,Downtown,467423.57
1682.0,3.0,4.5,2009.0,2.0,1.0,4121.0,0.0,Rural,253751.83
3117.0,5.0,2.5,1968.0,3.0,1.0,8709.0,0.0,Downtown,739023.27
888.0,6.0,1.0,1969.0,1.0,1.0,6787.0,0.0,Rural,168660.31
4933.0,5.0,1.5,1954.0,1.0,1.0,18616.0,0.0,Suburbs,733759.14
2602.0,1.0,2.5,1994.0,3.0,3.0,12801.0,0.0,Rural,337838.26
1761.0,6.0,3.0,2007.0,1.0,1.0,8585.0,0.0,Downtown,531472.43
2871.0,3.0,4.5,1980.0,1.0,2.0,4736.0,1.0,Waterfront,832174.94
4077.0,3.0,4.5,1961.0,0.0,2.0,16094.0,1.0,Uptown,800012.42
1975.0,6.0,1.5,1973.0,1.0,3.0,13789.0,0.0,Uptown,515409.16
809.0,6.0,3.0,1979.0,2.0,2.0,17354.0,0.0,Uptown,422515.43
824.0,1.0,2.5,2017.0,3.0,2.0,9887.0,0.0,Downtown,356436.71
4349.0,3.0,1.0,1959.0,0.0,3.0,4698.0,1.0,Suburbs,630486.46
1091.0,5.0,3.5,1975.0,2.0,3.0,8019.0,0.0,Rural,187639.02
3397.0,4.0,1.5,1997.0,3.0,1.0,13161.0,0.0,Waterfront,919156.87
2292.0,2.0,2.5,1967.0,3.0,3.0,6336.0,0.0,Waterfront,610865.66
4021.0,4.0,3.5,2015.0,3.0,2.0,3272.0,0.0,Uptown,782619.62
866.0,6.0,2.0,2017.0,0.0,1.0,16820.0,0.0,Suburbs,275886.12
4551.0,2.0,3.5,1978.0,1.0,2.0,11550.0,0.0,Uptown,869038.47
3672.0,5.0,2.5,2005.0,3.0,3.0,9140.0,0.0,Uptown,766733.29
2577.0,5.0,4.0,2005.0,3.0,1.0,11951.0,0.0,Suburbs,498805.23
1511.0,6.0,1.0,2000.0,2.0,1.0,15293.0,0.0,Suburbs,366279.87
4900.0,2.0,1.0,1963.0,3.0,3.0,2024.0,0.0,Waterfront,1104587.87
1929.0,2.0,3.5,1953.0,2.0,2.0,9926.0,1.0,Suburbs,376896.94
2758.0,4.0,2.5,1975.0,0.0,1.0,6576.0,0.0,Downtown,598751.35
2334.0,4.0,3.5,1959.0,3.0,3.0,3653.0,1.0,Rural,310665.66
1614.0,3.0,1.5,1971.0,0.0,2.0,2647.0,0.0,Rural,222067.58
2433.0,5.0,3.0,1997.0,1.0,1.0,9929.0,0.0,Suburbs,457416.65
1266.0,5.0,4.5,1993.0,0.0,1.0,11791.0,1.0,Rural,223366.99
607.0,2.0,1.0,1965.0,2.0,2.0,11138.0,0.0,Waterfront,328649.34
1876.0,5.0,2.0,1951.0,0.0,1.0,16094.0,1.0,Waterfront,594798.18
1093.0,2.0,4.0,1966.0,2.0,2.0,10241.0,0.0,Rural,192210.43
2425.0,3.0,3.0,1983.0,3.0,1.0,12618.0,0.0,Uptown,571353.64
4397.0,1.0,1.5,2007.0,3.0,1.0,16693.0,0.0,Downtown,966050.49
1315.0,3.0,1.5,1977.0,1.0,3.0,13831.0,0.0,Uptown,376891.29
605.0,6.0,4.5,1971.0,3.0,1.0,18396.0,0.0,Waterfront,475792.14
1088.0,3.0,4.0,1990.0,1.0,3.0,5988.0,1.0,Waterfront,489291.46
2836.0,5.0,2.0,1955.0,2.0,1.0,16162.0,1.0,Rural,405952.51
1809.0,1.0,2.0,1966.0,2.0,2.0,14542.0,0.0,Waterfront,563980.87
2754.0,4.0,4.5,1952.0,0.0,1.0,12490.0,1.0,Uptown,610210.57
728.0,3.0,1.0,1988.0,0.0,2.0,2067.0,1.0,Downtown,258858.25
2065.0,5.0,1.0,1982.0,0.0,2.0,11746.0,0.0,Uptown,515401.14
2405.0,6.0,4.5,1993.0,3.0,1.0,17453.0,0.0,Suburbs,527502.66
2498.0,4.0,1.5,1995.0,3.0,2.0,13603.0,0.0,Waterfront,782439.75
3025.0,1.0,4.5,1979.0,1.0,3.0,2091.0,0.0,Rural,339505.07
4035.0,3.0,2.0,2014.0,3.0,2.0,7181.0,0.0,Uptown,788220.91
2656.0,1.0,4.5,2017.0,0.0,1.0,12248.0,1.0,Suburbs,521657.16
4302.0,3.0,1.0,1958.0,3.0,3.0,16614.0,0.0,Downtown,977590.38
2931.0,1.0,4.5,2018.0,0.0,1.0,10009.0,0.0,Downtown,664273.19
1745.0,4.0,1.0,1964.0,0.0,1.0,17424.0,0.0,Suburbs,360178.99
1607.0,2.0,1.5,1968.0,3.0,2.0,16326.0,0.0,Suburbs,398268.21
2019.0,2.0,3.5,1989.0,1.0,1.0,6810.0,0.0,Suburbs,354101.45
3229.0,1.0,3.5,1952.0,1.0,1.0,5509.0,0.0,Waterfront,792738.94
1667.0,6.0,4.0,1976.0,3.0,3.0,18251.0,0.0,Rural,292012.86
4623.0,6.0,1.0,1964.0,1.0,2.0,12606.0,0.0,Uptown,878595.91
2711.0,5.0,1.5,1985.0,3.0,3.0,17278.0,0.0,Downtown,773203.94
4399.0,1.0,3.5,2010.0,0.0,2.0,18599.0,0.0,Waterfront,1105630.69
3607.0,3.0,4.0,2018.0,0.0,2.0,9641.0,0.0,Rural,431495.01
2067.0,6.0,2.0,1965.0,1.0,3.0,2823.0,0.0,Uptown,476234.4
1604.0,4.0,4.0,1990.0,2.0,1.0,18362.0,0.0,Uptown,480772.65
3874.0,1.0,4.0,1985.0,0.0,2.0,12504.0,0.0,Uptown,753463.93
2055.0,1.0,4.0,1980.0,0.0,3.0,4168.0,1.0,Waterfront,573864.64
1686.0,2.0,3.0,1996.0,2.0,1.0,11536.0,0.0,Rural,259464.41
4694.0,6.0,3.0,2023.0,1.0,3.0,2503.0,1.0,Uptown,968188.71
2724.0,2.0,3.0,1979.0,1.0,1.0,7216.0,1.0,Rural,315784.38
813.0,6.0,3.5,1954.0,0.0,2.0,8261.0,0.0,Waterfront,397768.41
2777.0,5.0,3.0,2017.0,0.0,3.0,10178.0,0.0,Suburbs,505341.02
2627.0,6.0,3.0,2018.0,0.0,1.0,12178.0,0.0,Waterfront,792809.44
4402.0,5.0,2.0,1973.0,2.0,3.0,17109.0,1.0,Rural,521419.37
3731.0,2.0,3.5,1987.0,0.0,1.0,8326.0,0.0,Downtown,772294.56
1442.0,5.0,4.0,2013.0,0.0,1.0,15236.0,0.0,Waterfront,591130.5
1262.0,2.0,4.0,1987.0,3.0,2.0,18958.0,0.0,Rural,246062.46
3256.0,2.0,3.0,1985.0,1.0,2.0,15474.0,0.0,Suburbs,534270.0
808.0,2.0,1.0,2018.0,2.0,3.0,6585.0,0.0,Suburbs,260239.33
2003.0,1.0,3.0,2011.0,1.0,3.0,14199.0,0.0,Waterfront,654563.24
1208.0,1.0,2.0,1987.0,3.0,3.0,7062.0,0.0,Waterfront,443689.53
690.0,2.0,1.5,1961.0,3.0,2.0,10602.0,1.0,Downtown,377915.42
4643.0,1.0,1.0,1982.0,1.0,1.0,13427.0,0.0,Rural,434924.46
995.0,3.0,3.0,2000.0,2.0,3.0,7278.0,0.0,Downtown,414846.52
640.0,1.0,4.5,1970.0,1.0,2.0,2069.0,0.0,Suburbs,148940.3
4705.0,1.0,3.5,1989.0,3.0,1.0,17069.0,1.0,Uptown,968219.56
1428.0,6.0,2.5,1998.0,1.0,3.0,15096.0,0.0,Suburbs,360138.41
4193.0,1.0,1.0,1956.0,3.0,2.0,4216.0,1.0,Uptown,753724.97
737.0,1.0,3.0,1992.0,2.0,2.0,8794.0,0.0,Uptown,315359.66
1275.0,1.0,1.0,2004.0,2.0,2.0,6710.0,1.0,Uptown,412592.91
1086.0,1.0,4.5,1965.0,1.0,3.0,19600.0,0.0,Waterfront,498661.36
3708.0,4.0,4.0,1990.0,3.0,1.0,18953.0,0.0,Downtown,942921.87
3329.0,5.0,4.5,2002.0,2.0,2.0,14446.0,0.0,Rural,428641.78
2692.0,5.0,2.5,1953.0,3.0,1.0,9934.0,1.0,Suburbs,547972.67
1663.0,4.0,1.5,1997.0,3.0,2.0,2939.0,1.0,Downtown,443968.24
991.0,1.0,2.0,1969.0,0.0,1.0,6444.0,0.0,Uptown,265103.09
3105.0,5.0,4.5,1979.0,3.0,2.0,3667.0,0.0,Suburbs,512156.84
1615.0,1.0,1.0,1997.0,3.0,3.0,16211.0,0.0,Downtown,463937.9
3197.0,4.0,4.5,1950.0,0.0,2.0,3587.0,0.0,Uptown,605205.5
3625.0,3.0,1.5,1951.0,3.0,3.0,14195.0,0.0,Waterfront,1014481.22
4338.0,6.0,1.5,1983.0,2.0,3.0,19148.0,0.0,Uptown,911473.77
2774.0,2.0,1.0,2020.0,1.0,1.0,7543.0,0.0,Rural,339245.64
620.0,4.0,4.5,1950.0,0.0,2.0,14313.0,0.0,Downtown,360037.8
1835.0,3.0,3.0,2008.0,1.0,2.0,17824.0,1.0,Downtown,609130.58
4355.0,4.0,2.0,1955.0,0.0,2.0,9697.0,0.0,Suburbs,650896.39
2946.0,6.0,3.0,1986.0,2.0,3.0,10079.0,0.0,Rural,335173.05
3324.0,5.0,3.5,1981.0,2.0,2.0,5608.0,0.0,Waterfront,863887.9
2614.0,3.0,3.5,1984.0,2.0,1.0,9695.0,0.0,Downtown,675852.19
1316.0,3.0,3.0,1956.0,2.0,2.0,17726.0,0.0,Uptown,428704.48
4546.0,5.0,1.5,2005.0,1.0,1.0,13940.0,0.0,Suburbs,731203.54
4001.0,3.0,2.5,1970.0,2.0,2.0,5628.0,0.0,Rural,427570.94
4979.0,2.0,3.0,2007.0,3.0,2.0,11478.0,0.0,Suburbs,827270.1
4365.0,3.0,1.5,1998.0,0.0,3.0,14720.0,0.0,Uptown,845987.0
1881.0,1.0,2.5,1990.0,1.0,1.0,3392.0,0.0,Waterfront,548103.25
1719.0,2.0,1.0,1972.0,3.0,2.0,15740.0,0.0,Uptown,474062.58
1693.0,3.0,4.0,1998.0,3.0,1.0,5622.0,0.0,Rural,290343.97
4643.0,5.0,1.5,2023.0,3.0,2.0,7304.0,0.0,Rural,482251.55
3051.0,5.0,1.0,2018.0,0.0,2.0,9494.0,0.0,Uptown,651603.81
2600.0,2.0,3.5,2017.0,1.0,2.0,11088.0,0.0,Suburbs,462197.83
4861.0,3.0,1.0,1966.0,0.0,1.0,18489.0,0.0,Waterfront,1184230.81
3255.0,1.0,2.0,1993.0,3.0,1.0,6014.0,1.0,Suburbs,564229.41
4602.0,5.0,2.0,1979.0,2.0,2.0,6605.0,0.0,Waterfront,1128934.24
4933.0,2.0,1.5,2021.0,0.0,2.0,8821.0,0.0,Waterfront,1182933.57
949.0,5.0,4.5,2020.0,0.0,1.0,17431.0,0.0,Uptown,385538.22
2191.0,6.0,3.5,2014.0,2.0,2.0,19373.0,0.0,Waterfront,787725.14
3830.0,5.0,1.0,1962.0,3.0,1.0,10181.0,0.0,Rural,432376.13
4178.0,2.0,3.5,1973.0,3.0,2.0,14477.0,0.0,Rural,475555.2
1253.0,6.0,3.5,2002.0,3.0,2.0,18511.0,0.0,Downtown,546274.52
2001.0,5.0,3.0,2005.0,3.0,3.0,17239.0,0.0,Downtown,636995.21
3012.0,4.0,3.5,1975.0,3.0,3.0,14263.0,0.0,Downtown,816143.29
4117.0,6.0,4.0,1960.0,3.0,3.0,11731.0,0.0,Downtown,963222.07
1097.0,6.0,2.5,1960.0,3.0,1.0,19719.0,0.0,Waterfront,600507.95
3243.0,1.0,2.5,2000.0,1.0,3.0,6302.0,0.0,Downtown,713576.58
1904.0,6.0,3.0,1983.0,3.0,2.0,8530.0,0.0,Downtown,591792.72
1552.0,5.0,4.0,1986.0,3.0,2.0,14832.0,0.0,Waterfront,653302.74
2868.0,2.0,3.5,2010.0,0.0,3.0,2376.0,0.0,Suburbs,432233.13
2422.0,2.0,1.0,1951.0,2.0,1.0,11010.0,1.0,Waterfront,703404.07
3397.0,5.0,2.0,2005.0,1.0,1.0,17380.0,1.0,Waterfront,1047152.32
1997.0,2.0,3.0,1970.0,0.0,3.0,5183.0,1.0,Uptown,460484.06
4223.0,3.0,1.5,2018.0,0.0,2.0,16456.0,0.0,Waterfront,1110595.92
943.0,5.0,4.0,2020.0,0.0,2.0,9424.0,0.0,Waterfront,470259.8
4393.0,4.0,4.0,1987.0,3.0,1.0,17490.0,1.0,Downtown,1073370.24
731.0,6.0,4.5,1973.0,3.0,2.0,13427.0,0.0,Downtown,424458.97
3838.0,1.0,1.0,1967.0,0.0,1.0,4829.0,0.0,Suburbs,544987.89
2124.0,2.0,3.5,1963.0,2.0,2.0,15236.0,0.0,Uptown,549157.06
2287.0,6.0,3.5,2023.0,2.0,2.0,3010.0,1.0,Rural,287138.9
683.0,4.0,3.5,1963.0,2.0,3.0,6378.0,0.0,Downtown,325172.57
3689.0,2.0,4.0,1983.0,2.0,3.0,17991.0,0.0,Downtown,893687.05
1328.0,2.0,2.5,1985.0,3.0,1.0,17768.0,0.0,Suburbs,339211.83
3500.0,3.0,3.5,2000.0,2.0,1.0,2834.0,0.0,Suburbs,577369.11
3791.0,4.0,3.0,2012.0,2.0,2.0,8832.0,0.0,Waterfront,981159.34
4319.0,2.0,4.0,1991.0,2.0,3.0,3694.0,0.0,Suburbs,614080.77
3716.0,4.0,4.0,2006.0,1.0,1.0,6880.0,0.0,Waterfront,971124.91
1926.0,3.0,2.0,1991.0,3.0,2.0,19415.0,0.0,Downtown,582443.15
3850.0,4.0,4.0,1982.0,1.0,2.0,5512.0,0.0,Downtown,790625.42
4235.0,1.0,1.0,1961.0,3.0,1.0,13546.0,0.0,Waterfront,1062914.69
1995.0,4.0,2.0,1965.0,2.0,2.0,16475.0,0.0,Suburbs,426543.06
1146.0,6.0,3.0,1981.0,2.0,1.0,17858.0,0.0,Downtown,503231.99
4516.0,1.0,1.0,1953.0,3.0,2.0,8375.0,1.0,Uptown,838683.06
1251.0,2.0,2.5,1973.0,2.0,3.0,14544.0,0.0,Downtown,411765.85
3213.0,5.0,3.0,1984.0,2.0,2.0,10701.0,0.0,Downtown,756406.32
1639.0,4.0,3.0,1984.0,2.0,1.0,3932.0,1.0,Uptown,425370.28
1154.0,5.0,1.0,2010.0,2.0,3.0,6010.0,0.0,Uptown,336102.43
4017.0,4.0,2.0,2021.0,1.0,1.0,15467.0,1.0,Uptown,867145.07
1232.0,5.0,1.0,2003.0,2.0,3.0,14350.0,0.0,Uptown,416676.05
3549.0,4.0,3.0,1955.0,3.0,3.0,11380.0,0.0,Downtown,845437.9
3650.0,1.0,2.5,1980.0,2.0,2.0,16059.0,0.0,Suburbs,607973.7
865.0,5.0,3.5,2004.0,3.0,1.0,14443.0,0.0,Suburbs,324084.99
1361.0,3.0,3.5,1994.0,3.0,3.0,8109.0,0.0,Suburbs,344752.06
4095.0,1.0,4.5,1983.0,1.0,3.0,7291.0,0.0,Uptown,768721.24
2832.0,3.0,1.5,1982.0,0.0,2.0,19012.0,0.0,Suburbs,516099.23
1134.0,3.0,4.0,1980.0,1.0,3.0,19494.0,0.0,Rural,243445.2
4964.0,1.0,1.5,1992.0,3.0,3.0,2551.0,0.0,Waterfront,1072133.74
1766.0,6.0,1.5,1963.0,3.0,3.0,16234.0,0.0,Rural,310926.14
617.0,2.0,1.5,1988.0,2.0,1.0,4393.0,0.0,Suburbs,185753.55
4667.0,2.0,1.5,1965.0,3.0,2.0,17502.0,1.0,Uptown,963288.72
672.0,3.0,4.0,2000.0,0.0,1.0,12598.0,0.0,Uptown,264616.41
3035.0,5.0,1.5,2013.0,2.0,1.0,14380.0,1.0,Rural,395375.67
4970.0,5.0,3.5,1987.0,2.0,2.0,14626.0,0.0,Suburbs,768841.76
3142.0,5.0,2.0,1978.0,2.0,1.0,12889.0,0.0,Downtown,789294.03
3172.0,2.0,1.0,2019.0,2.0,1.0,6512.0,0.0,Rural,320892.09
2308.0,6.0,2.5,1998.0,1.0,3.0,16530.0,1.0,Rural,332110.63
1158.0,5.0,1.0,1981.0,2.0,2.0,11973.0,0.0,Downtown,444592.85
3120.0,3.0,2.0,1952.0,2.0,2.0,11811.0,1.0,Rural,363004.14
4549.0,4.0,3.0,1951.0,3.0,1.0,7731.0,1.0,Downtown,971819.23
1000.0,1.0,3.5,1966.0,0.0,3.0,2180.0,0.0,Rural,164137.99
4474.0,5.0,2.0,1967.0,1.0,2.0,11974.0,0.0,Rural,511137.79
2426.0,6.0,4.0,2003.0,1.0,2.0,8211.0,0.0,Downtown,670696.78
2959.0,3.0,3.0,1987.0,0.0,1.0,13868.0,0.0,Rural,376131.74
1327.0,4.0,2.0,2023.0,1.0,1.0,8561.0,0.0,Downtown,429673.52
3336.0,3.0,2.5,1990.0,1.0,1.0,19511.0,1.0,Suburbs,603560.18
1402.0,1.0,1.5,2016.0,1.0,1.0,14256.0,0.0,Rural,206901.97
1802.0,4.0,4.5,1990.0,1.0,3.0,10202.0,0.0,Suburbs,392243.23
3775.0,5.0,4.5,1976.0,2.0,2.0,14748.0,0.0,Waterfront,1034706.54
822.0,6.0,2.5,2002.0,2.0,2.0,13668.0,0.0,Waterfront,471701.34
2568.0,6.0,3.0,1983.0,1.0,3.0,13170.0,1.0,Waterfront,845413.51
3216.0,3.0,3.5,1970.0,3.0,3.0,12405.0,0.0,Downtown,823056.48
1181.0,6.0,3.0,1985.0,1.0,1.0,18774.0,1.0,Downtown,529902.51
1897.0,4.0,1.5,1999.0,2.0,2.0,7716.0,0.0,Downtown,573525.9
2111.0,4.0,4.5,1977.0,0.0,2.0,9782.0,0.0,Uptown,485899.61
3520.0,4.0,4.0,2002.0,0.0,1.0,6555.0,0.0,Uptown,651269.38
4898.0,6.0,4.5,2022.0,1.0,3.0,12251.0,0.0,Rural,576896.2
4280.0,5.0,4.5,1980.0,1.0,2.0,19782.0,0.0,Suburbs,713014.16
1435.0,1.0,4.0,1971.0,1.0,2.0,12951.0,1.0,Downtown,466574.69
679.0,1.0,3.5,1979.0,0.0,2.0,5723.0,1.0,Rural,96801.59
828.0,3.0,1.0,2012.0,1.0,3.0,18588.0,0.0,Rural,182549.74
3221.0,4.0,2.0,1963.0,2.0,1.0,16225.0,0.0,Rural,356295.81
1287.0,5.0,1.0,2022.0,2.0,2.0,9922.0,1.0,Suburbs,338792.42
1617.0,3.0,1.0,1980.0,0.0,3.0,4638.0,1.0,Uptown,383923.71
4329.0,4.0,4.5,2012.0,1.0,3.0,9248.0,0.0,Waterfront,1114761.01
4445.0,6.0,4.5,2008.0,2.0,2.0,16479.0,0.0,Rural,566349.57
4292.0,3.0,3.5,2007.0,2.0,1.0,12388.0,1.0,Waterfront,1153850.66
1716.0,3.0,3.5,2017.0,3.0,3.0,5343.0,0.0,Uptown,422239.51
3327.0,4.0,1.5,1963.0,1.0,3.0,4854.0,0.0,Downtown,736914.39
3287.0,3.0,1.0,1993.0,2.0,2.0,19409.0,1.0,Rural,429433.37
1415.0,6.0,4.0,1957.0,3.0,2.0,10050.0,0.0,Uptown,442116.84
3036.0,6.0,2.5,1972.0,1.0,2.0,14348.0,1.0,Downtown,795556.51
2911.0,4.0,3.5,1953.0,3.0,1.0,8491.0,0.0,Downtown,707598.81
2343.0,3.0,2.0,2000.0,1.0,1.0,3622.0,0.0,Suburbs,373772.83
3908.0,4.0,1.5,1994.0,1.0,3.0,9415.0,1.0,Downtown,892050.23
3582.0,2.0,4.0,2004.0,2.0,3.0,14477.0,1.0,Rural,477335.98
2944.0,3.0,4.0,1963.0,2.0,1.0,8000.0,1.0,Rural,340998.36
3794.0,2.0,3.0,1974.0,2.0,2.0,12865.0,1.0,Suburbs,608257.8
3958.0,1.0,2.0,2000.0,0.0,3.0,9886.0,0.0,Downtown,838723.32
3095.0,1.0,3.0,2011.0,0.0,1.0,8076.0,1.0,Downtown,682907.84
1778.0,4.0,4.5,2015.0,3.0,1.0,6590.0,1.0,Waterfront,608306.42
3937.0,1.0,3.5,1955.0,3.0,1.0,6693.0,0.0,Suburbs,584093.32
3758.0,4.0,2.5,1979.0,3.0,1.0,6602.0,0.0,Downtown,873933.55
4928.0,3.0,2.0,1950.0,2.0,2.0,14938.0,0.0,Rural,526029.9
1259.0,3.0,3.5,2010.0,3.0,2.0,8072.0,0.0,Waterfront,518448.43
2445.0,5.0,2.5,1959.0,1.0,3.0,15345.0,0.0,Downtown,611081.29
4667.0,4.0,3.0,2010.0,0.0,3.0,7599.0,0.0,Waterfront,1143489.14
2864.0,5.0,1.0,1961.0,0.0,3.0,7890.0,0.0,Rural,330865.15
4748.0,5.0,1.0,1951.0,1.0,3.0,18637.0,0.0,Suburbs,738522.13
654.0,1.0,4.5,2015.0,1.0,3.0,17772.0,0.0,Rural,196399.26
754.0,2.0,2.5,1982.0,3.0,2.0,9213.0,1.0,Uptown,330684.29
4103.0,4.0,2.5,1981.0,1.0,3.0,6839.0,0.0,Rural,415741.3
2177.0,6.0,3.5,1997.0,2.0,1.0,14881.0,0.0,Downtown,665239.34
2889.0,1.0,2.5,1970.0,1.0,3.0,3257.0,0.0,Suburbs,469693.39
2483.0,1.0,4.0,2001.0,2.0,1.0,10216.0,1.0,Rural,321369.46
2395.0,6.0,1.5,1981.0,2.0,2.0,12798.0,1.0,Waterfront,764854.14
4734.0,6.0,4.0,1970.0,0.0,1.0,14164.0,0.0,Downtown,1038140.5
1014.0,2.0,1.5,1979.0,1.0,2.0,3927.0,0.0,Suburbs,240080.33
3998.0,3.0,2.5,1950.0,0.0,3.0,2053.0,0.0,Rural,364719.53
4515.0,4.0,3.5,1972.0,3.0,1.0,6980.0,0.0,Waterfront,1125343.96
3493.0,2.0,4.0,1993.0,2.0,2.0,4146.0,0.0,Rural,366572.64
2338.0,2.0,1.5,1960.0,3.0,1.0,11129.0,0.0,Rural,300755.08
1304.0,3.0,3.5,1958.0,3.0,1.0,18551.0,0.0,Suburbs,339126.72
3604.0,4.0,1.5,1998.0,0.0,2.0,7154.0,0.0,Downtown,768774.58
2663.0,2.0,1.5,1981.0,2.0,2.0,10167.0,0.0,Rural,359093.87
1257.0,3.0,4.0,1960.0,0.0,1.0,5870.0,0.0,Rural,145365.84
2182.0,2.0,3.0,2005.0,3.0,2.0,2791.0,0.0,Uptown,502877.9
4831.0,5.0,2.0,2007.0,3.0,3.0,14658.0,0.0,Uptown,1035295.61
1767.0,1.0,3.5,1952.0,2.0,2.0,6615.0,0.0,Suburbs,342853.05
1385.0,2.0,2.0,1964.0,3.0,3.0,11846.0,0.0,Uptown,372760.07
3601.0,2.0,2.5,1977.0,3.0,3.0,14296.0,1.0,Suburbs,599160.49
1478.0,6.0,2.0,2004.0,3.0,2.0,17116.0,0.0,Uptown,487884.37
4648.0,6.0,2.5,1955.0,0.0,2.0,5340.0,0.0,Downtown,956311.7
4380.0,4.0,4.0,2009.0,0.0,3.0,12462.0,0.0,Rural,497965.57
4928.0,1.0,2.5,1973.0,3.0,2.0,18394.0,1.0,Suburbs,764537.59
4616.0,5.0,2.0,1959.0,1.0,2.0,10702.0,1.0,Rural,484862.06
1672.0,3.0,3.0,2013.0,1.0,1.0,2731.0,1.0,Uptown,401331.69
1533.0,6.0,4.5,1956.0,0.0,1.0,6702.0,0.0,Waterfront,508553.33
2107.0,3.0,2.0,1959.0,2.0,1.0,16306.0,1.0,Suburbs,489387.39
2667.0,6.0,4.0,2020.0,3.0,2.0,16257.0,0.0,Suburbs,538795.32
4472.0,5.0,2.0,1988.0,3.0,3.0,7661.0,1.0,Suburbs,703521.05
3828.0,2.0,3.5,1984.0,2.0,1.0,5543.0,1.0,Rural,394103.99
3436.0,5.0,4.0,2000.0,2.0,1.0,7252.0,0.0,Downtown,825620.61
4465.0,2.0,2.0,1996.0,2.0,1.0,6360.0,0.0,Rural,460826.46
3442.0,3.0,1.5,1995.0,1.0,2.0,15338.0,0.0,Waterfront,908042.34
2268.0,2.0,3.5,1951.0,2.0,1.0,17149.0,0.0,Rural,299703.61
2417.0,5.0,1.0,1990.0,3.0,1.0,2838.0,1.0,Downtown,599054.24
2875.0,2.0,2.0,1970.0,1.0,1.0,15342.0,0.0,Uptown,624284.78
990.0,4.0,4.0,2009.0,1.0,1.0,15544.0,0.0,Uptown,457009.42
3864.0,4.0,2.0,1987.0,2.0,1.0,13032.0,1.0,Suburbs,667211.61
3472.0,5.0,3.5,1959.0,2.0,3.0,17684.0,0.0,Uptown,779500.29
3817.0,6.0,3.0,2015.0,0.0,3.0,2700.0,0.0,Rural,402913.61
2949.0,1.0,1.5,1971.0,1.0,2.0,14596.0,0.0,Waterfront,755311.0
4045.0,6.0,2.5,1970.0,2.0,1.0,4290.0,1.0,Suburbs,661992.24
4779.0,1.0,3.0,2019.0,2.0,1.0,18147.0,0.0,Suburbs,780598.85
3108.0,4.0,1.0,2007.0,2.0,1.0,10999.0,0.0,Suburbs,522902.48
2555.0,3.0,2.0,2013.0,3.0,2.0,3635.0,0.0,Uptown,588802.1
1060.0,4.0,2.5,1999.0,2.0,2.0,15434.0,1.0,Uptown,427740.17
4026.0,5.0,4.5,2017.0,2.0,1.0,15486.0,0.0,Rural,509474.02
4578.0,6.0,1.0,1958.0,1.0,2.0,10354.0,0.0,Suburbs,706534.93
3678.0,3.0,4.0,1994.0,1.0,1.0,7587.0,1.0,Suburbs,596266.6
4409.0,6.0,2.5,1971.0,3.0,2.0,2311.0,0.0,Downtown,918096.88
4390.0,2.0,3.0,1979.0,1.0,3.0,18344.0,0.0,Downtown,990249.59
4112.0,2.0,3.0,1967.0,2.0,1.0,5317.0,0.0,Downtown,870326.27
2813.0,3.0,2.0,1965.0,0.0,2.0,17169.0,0.0,Suburbs,483501.62
1039.0,4.0,4.5,1982.0,0.0,2.0,12598.0,0.0,Rural,214182.53
614.0,5.0,1.5,2017.0,0.0,3.0,14334.0,0.0,Rural,152796.6
1499.0,5.0,1.0,1997.0,0.0,2.0,14496.0,0.0,Waterfront,576237.46
2496.0,2.0,4.0,1975.0,2.0,2.0,17446.0,0.0,Uptown,617261.03
3872.0,2.0,3.0,1982.0,2.0,3.0,2601.0,0.0,Uptown,695253.48
2606.0,6.0,4.5,1989.0,2.0,2.0,19842.0,0.0,Waterfront,879727.64
701.0,3.0,2.0,1968.0,1.0,2.0,2780.0,0.0,Downtown,278114.02
1525.0,2.0,1.0,1988.0,2.0,1.0,19984.0,1.0,Rural,238668.19
4909.0,6.0,1.0,2001.0,0.0,2.0,6703.0,1.0,Waterfront,1169698.24
4948.0,3.0,2.5,1967.0,1.0,1.0,17226.0,0.0,Uptown,950125.08
2259.0,6.0,1.0,1993.0,0.0,2.0,3503.0,1.0,Suburbs,463928.27
4142.0,6.0,4.5,2002.0,0.0,1.0,10297.0,1.0,Rural,466273.05
3765.0,6.0,1.5,1988.0,0.0,1.0,11755.0,0.0,Waterfront,986101.85
4698.0,4.0,4.5,1971.0,0.0,2.0,19178.0,1.0,Suburbs,784353.39
4506.0,5.0,1.0,1991.0,1.0,2.0,4226.0,1.0,Uptown,841574.5
3367.0,6.0,1.0,2008.0,2.0,3.0,2656.0,0.0,Downtown,774476.33
2336.0,2.0,2.0,1966.0,2.0,1.0,13668.0,0.0,Suburbs,417664.13
3357.0,1.0,1.0,1992.0,1.0,3.0,2886.0,0.0,Rural,336763.88
2004.0,2.0,2.5,2000.0,0.0,1.0,15990.0,0.0,Uptown,455005.7
2131.0,4.0,2.0,1973.0,0.0,3.0,2689.0,0.0,Downtown,500820.09
3279.0,4.0,3.0,1978.0,2.0,3.0,19470.0,0.0,Suburbs,630307.34
3114.0,1.0,3.5,2015.0,3.0,3.0,11589.0,0.0,Downtown,774830.64
3156.0,4.0,1.0,1976.0,1.0,1.0,19072.0,0.0,Rural,418058.69
2292.0,2.0,1.0,1994.0,0.0,3.0,4279.0,1.0,Waterfront,641444.19
2400.0,4.0,1.5,1961.0,1.0,1.0,6920.0,0.0,Downtown,563831.47
644.0,4.0,1.5,2018.0,0.0,3.0,10188.0,0.0,Suburbs,216521.86
3248.0,4.0,1.5,1994.0,0.0,2.0,2529.0,0.0,Waterfront,774731.41
3134.0,3.0,2.0,2006.0,1.0,2.0,3852.0,0.0,Waterfront,754501.24
4716.0,3.0,3.5,1994.0,3.0,2.0,7929.0,0.0,Rural,503598.53
2819.0,5.0,2.5,1976.0,2.0,1.0,15267.0,0.0,Rural,371720.47
2658.0,5.0,2.0,1975.0,3.0,3.0,14753.0,0.0,Waterfront,875725.53
897.0,5.0,2.0,2001.0,1.0,3.0,3562.0,0.0,Suburbs,256858.01
1465.0,3.0,3.5,2013.0,1.0,3.0,3076.0,0.0,Waterfront,469866.65
2087.0,3.0,2.0,1959.0,1.0,3.0,13809.0,0.0,Waterfront,611831.79
2260.0,2.0,1.0,2012.0,0.0,3.0,8475.0,0.0,Suburbs,391011.2
2196.0,4.0,2.5,2011.0,1.0,3.0,16259.0,0.0,Downtown,667115.11
2334.0,1.0,1.5,1958.0,1.0,2.0,7364.0,0.0,Uptown,466859.59
3984.0,3.0,2.0,1958.0,1.0,3.0,8531.0,1.0,Rural,451564.1
1177.0,2.0,4.5,2001.0,0.0,1.0,5948.0,0.0,Waterfront,411759.86
2062.0,4.0,2.5,2012.0,2.0,3.0,6797.0,0.0,Downtown,590560.01
1316.0,6.0,1.5,1979.0,3.0,2.0,14711.0,0.0,Suburbs,320943.55
1954.0,6.0,3.0,1997.0,3.0,2.0,10482.0,0.0,Rural,342847.55
3612.0,3.0,1.0,2023.0,0.0,2.0,13864.0,1.0,Downtown,830051.91
805.0,1.0,1.5,1973.0,0.0,1.0,3415.0,0.0,Rural,135815.81
2094.0,2.0,1.0,1966.0,3.0,2.0,11639.0,0.0,Suburbs,391870.4
704.0,1.0,4.5,2023.0,3.0,2.0,10256.0,0.0,Downtown,362168.3
4802.0,5.0,4.5,1970.0,2.0,1.0,18394.0,0.0,Suburbs,782982.45
3800.0,6.0,3.0,1984.0,1.0,3.0,9623.0,0.0,Rural,447050.61
1672.0,4.0,3.5,1982.0,2.0,1.0,3856.0,0.0,Waterfront,541870.11
1472.0,2.0,3.5,1988.0,2.0,3.0,14549.0,0.0,Downtown,526798.04
1035.0,1.0,3.5,1969.0,3.0,1.0,4694.0,0.0,Uptown,335286.22
2681.0,6.0,3.5,2000.0,2.0,1.0,18364.0,0.0,Suburbs,556635.54
3916.0,2.0,4.5,2001.0,0.0,1.0,8902.0,1.0,Rural,479382.86
3171.0,1.0,3.5,1964.0,2.0,1.0,16122.0,0.0,Rural,381395.31
4477.0,2.0,1.5,1985.0,3.0,1.0,13806.0,0.0,Waterfront,1148648.01
2113.0,2.0,2.5,1954.0,1.0,3.0,10368.0,0.0,Suburbs,394517.99
1823.0,4.0,4.0,1966.0,0.0,3.0,12514.0,0.0,Suburbs,365799.88
2703.0,6.0,2.0,2023.0,0.0,2.0,5289.0,0.0,Suburbs,475335.85
1489.0,2.0,1.0,1987.0,3.0,1.0,3332.0,0.0,Rural,214137.3
4893.0,5.0,4.5,1996.0,1.0,3.0,15794.0,0.0,Uptown,995857.55
1417.0,1.0,3.0,2015.0,2.0,2.0,19252.0,0.0,Downtown,527061.41
2707.0,1.0,3.5,2002.0,3.0,2.0,17515.0,0.0,Waterfront,858458.07
2897.0,1.0,2.0,2008.0,0.0,3.0,7491.0,0.0,Downtown,649148.67
851.0,6.0,1.0,2002.0,0.0,2.0,8444.0,0.0,Waterfront,326306.81
2661.0,4.0,2.0,1986.0,3.0,2.0,8461.0,0.0,Downtown,715111.75
2601.0,5.0,2.5,1996.0,2.0,3.0,14646.0,0.0,Uptown,635747.71
1741.0,1.0,4.5,1971.0,0.0,2.0,13225.0,0.0,Suburbs,328662.99
1163.0,1.0,2.5,2015.0,2.0,3.0,16337.0,0.0,Rural,200128.74
798.0,6.0,1.5,1963.0,0.0,3.0,19013.0,1.0,Uptown,377620.1
637.0,1.0,2.0,2015.0,3.0,3.0,9063.0,0.0,Suburbs,219486.3
2719.0,1.0,4.5,2015.0,3.0,1.0,13929.0,0.0,Uptown,622481.01
995.0,4.0,2.0,1960.0,3.0,1.0,11008.0,0.0,Waterfront,428130.84
4822.0,4.0,2.0,2002.0,1.0,2.0,19186.0,1.0,Suburbs,813413.57
1677.0,2.0,3.5,2023.0,1.0,2.0,8372.0,0.0,Suburbs,400859.09
3471.0,3.0,3.5,1992.0,3.0,3.0,5376.0,0.0,Downtown,819914.29
3564.0,5.0,2.0,1975.0,2.0,1.0,8819.0,0.0,Rural,433767.45
2780.0,3.0,4.5,2015.0,2.0,3.0,13139.0,0.0,Rural,363031.25
4488.0,3.0,3.0,1987.0,0.0,3.0,19161.0,1.0,Rural,525492.13
1087.0,1.0,1.5,1959.0,2.0,3.0,16920.0,0.0,Downtown,418678.06
1629.0,3.0,2.5,1968.0,2.0,3.0,2330.0,0.0,Rural,199902.05
1710.0,5.0,4.5,2000.0,1.0,3.0,11162.0,0.0,Waterfront,619452.75
1195.0,4.0,2.5,1983.0,3.0,2.0,4864.0,0.0,Waterfront,483315.8
1897.0,6.0,3.5,1966.0,0.0,2.0,8519.0,1.0,Waterfront,661553.32
1976.0,1.0,3.0,2009.0,2.0,2.0,18991.0,1.0,Suburbs,454160.26
3965.0,1.0,3.5,1958.0,3.0,3.0,19726.0,1.0,Rural,454822.07
1927.0,4.0,4.0,1966.0,2.0,1.0,4766.0,0.0,Uptown,446697.7
4458.0,2.0,1.0,1984.0,0.0,2.0,4537.0,0.0,Uptown,744022.97
4000.0,4.0,3.5,1952.0,2.0,2.0,14534.0,0.0,Suburbs,659150.06
4568.0,6.0,3.5,1978.0,2.0,2.0,9397.0,0.0,Rural,514686.58
1063.0,3.0,1.0,2017.0,2.0,2.0,9791.0,1.0,Waterfront,479816.24
4933.0,4.0,3.0,2019.0,1.0,3.0,17721.0,0.0,Rural,568818.28
3302.0,5.0,1.5,2014.0,2.0,1.0,18571.0,0.0,Waterfront,985614.53
4923.0,1.0,2.0,1973.0,1.0,3.0,18209.0,0.0,Waterfront,1217309.55
2161.0,6.0,2.0,1954.0,2.0,3.0,16094.0,1.0,Downtown,638027.74
4794.0,2.0,1.0,2010.0,2.0,3.0,19647.0,0.0,Waterfront,1234172.39
3190.0,5.0,4.0,1977.0,2.0,3.0,14958.0,0.0,Waterfront,951350.07
916.0,4.0,1.5,2005.0,3.0,2.0,17928.0,0.0,Uptown,443667.79
2404.0,1.0,2.5,1958.0,3.0,1.0,11727.0,1.0,Rural,307582.36
1206.0,5.0,4.5,1999.0,3.0,2.0,2917.0,0.0,Rural,228464.51
4742.0,2.0,4.0,1993.0,3.0,1.0,16697.0,0.0,Rural,557821.3
1939.0,4.0,1.5,2018.0,3.0,1.0,18736.0,0.0,Waterfront,715660.31
1578.0,6.0,2.5,1957.0,0.0,3.0,7621.0,1.0,Downtown,517401.19
3033.0,6.0,3.0,1980.0,1.0,2.0,9707.0,1.0,Downtown,801867.35
2471.0,6.0,4.0,2023.0,2.0,2.0,12298.0,0.0,Suburbs,544519.62
1026.0,3.0,4.0,1978.0,1.0,3.0,13729.0,0.0,Uptown,382417.05
4193.0,4.0,3.5,1998.0,2.0,1.0,14146.0,0.0,Waterfront,1166027.43
4322.0,2.0,1.5,1961.0,0.0,3.0,9097.0,0.0,Rural,425145.42
3869.0,6.0,4.0,2003.0,0.0,2.0,17380.0,0.0,Downtown,998353.94
3314.0,3.0,1.0,1970.0,2.0,2.0,16646.0,0.0,Rural,418004.49
2371.0,5.0,1.0,1992.0,3.0,2.0,18961.0,1.0,Uptown,687165.93
2986.0,3.0,3.5,2015.0,1.0,2.0,12367.0,0.0,Suburbs,523954.06
2892.0,5.0,3.0,1998.0,1.0,2.0,3394.0,0.0,Rural,358518.87
1327.0,2.0,1.0,1985.0,2.0,2.0,17220.0,0.0,Suburbs,367814.35
960.0,5.0,1.0,1964.0,1.0,1.0,3430.0,0.0,Rural,126641.03
1714.0,1.0,3.5,1975.0,0.0,1.0,5488.0,0.0,Downtown,413004.84
2599.0,1.0,2.0,2012.0,2.0,2.0,7133.0,0.0,Suburbs,389613.68
1305.0,3.0,3.5,1965.0,3.0,1.0,5329.0,0.0,Uptown,358097.93
1069.0,3.0,2.5,1998.0,2.0,2.0,15028.0,0.0,Rural,198293.8
4349.0,5.0,3.5,1985.0,3.0,3.0,9927.0,0.0,Waterfront,1134259.81
2250.0,3.0,2.0,1973.0,2.0,1.0,5948.0,0.0,Suburbs,463831.08
3171.0,1.0,2.0,2003.0,3.0,1.0,2085.0,0.0,Waterfront,823657.09
2906.0,2.0,2.0,1976.0,0.0,1.0,5895.0,0.0,Waterfront,671845.81
3835.0,3.0,3.5,1971.0,0.0,3.0,14472.0,0.0,Suburbs,635653.46
3855.0,4.0,3.5,1989.0,0.0,3.0,16298.0,0.0,Downtown,927859.28
1902.0,4.0,3.5,2006.0,3.0,1.0,7329.0,0.0,Suburbs,387637.57
4331.0,2.0,3.5,2013.0,2.0,2.0,3318.0,0.0,Rural,458974.69
2233.0,4.0,1.5,1996.0,0.0,3.0,12031.0,1.0,Rural,317220.06
4275.0,4.0,4.0,1998.0,3.0,3.0,16092.0,0.0,Rural,480456.72
2381.0,5.0,3.5,2008.0,1.0,2.0,3260.0,0.0,Rural,273130.77
1088.0,4.0,3.5,1969.0,2.0,1.0,16320.0,0.0,Downtown,450291.42
3944.0,5.0,4.0,1968.0,0.0,3.0,5071.0,1.0,Uptown,784528.81
732.0,2.0,4.5,1985.0,0.0,3.0,6642.0,0.0,Waterfront,324445.93
3999.0,5.0,3.0,1996.0,1.0,2.0,13212.0,1.0,Suburbs,663280.6
789.0,1.0,4.0,1997.0,0.0,1.0,2924.0,0.0,Waterfront,295195.52
1510.0,1.0,2.0,1961.0,2.0,3.0,7502.0,1.0,Downtown,468627.77
3255.0,6.0,3.0,2007.0,0.0,1.0,4500.0,0.0,Waterfront,842407.86
4743.0,3.0,2.0,1976.0,0.0,3.0,5865.0,0.0,Rural,517047.77
2397.0,4.0,3.0,2014.0,2.0,3.0,15921.0,0.0,Rural,331655.99
1131.0,4.0,1.5,2003.0,1.0,2.0,6119.0,0.0,Rural,193348.25
1625.0,5.0,4.0,2022.0,2.0,2.0,2783.0,1.0,Waterfront,587166.61
4543.0,2.0,1.0,1996.0,2.0,1.0,5866.0,1.0,Suburbs,695389.02
3798.0,2.0,3.5,1989.0,3.0,3.0,3561.0,0.0,Downtown,809211.3
1041.0,1.0,1.0,1963.0,3.0,1.0,13211.0,0.0,Waterfront,473744.94
2293.0,6.0,1.0,1979.0,0.0,1.0,19512.0,0.0,Downtown,607502.69
1764.0,2.0,4.0,2013.0,2.0,3.0,5018.0,0.0,Rural,293326.01
1382.0,4.0,4.5,1978.0,2.0,3.0,15120.0,0.0,Suburbs,369689.71
4325.0,3.0,1.0,1953.0,2.0,2.0,8529.0,0.0,Waterfront,1043642.61
3318.0,1.0,1.5,1968.0,3.0,2.0,3292.0,0.0,Waterfront,832755.12
1389.0,3.0,4.0,1994.0,0.0,2.0,14382.0,1.0,Uptown,465179.04
3463.0,1.0,4.0,1996.0,1.0,1.0,5778.0,0.0,Uptown,645061.83
2420.0,2.0,1.5,2022.0,3.0,2.0,11246.0,1.0,Uptown,616539.74
870.0,1.0,3.5,2019.0,3.0,3.0,11128.0,0.0,Uptown,399736.85
2579.0,5.0,2.0,1989.0,0.0,2.0,12751.0,1.0,Waterfront,764433.71
1415.0,4.0,3.0,1991.0,1.0,3.0,4429.0,0.0,Suburbs,357105.71
1679.0,6.0,2.5,2009.0,1.0,3.0,6516.0,0.0,Waterfront,595978.56
4468.0,3.0,1.0,1953.0,0.0,3.0,15272.0,0.0,Rural,464833.31
3725.0,2.0,2.0,1994.0,0.0,3.0,18789.0,1.0,Waterfront,1005419.77
1190.0,4.0,3.5,1985.0,2.0,3.0,2211.0,0.0,Rural,188076.32
4346.0,6.0,4.0,2007.0,2.0,3.0,9450.0,1.0,Waterfront,1134110.04
3127.0,4.0,1.5,2009.0,2.0,3.0,17865.0,0.0,Uptown,720825.14
4449.0,1.0,4.5,1998.0,1.0,3.0,7165.0,1.0,Uptown,855558.07
3887.0,2.0,3.5,1998.0,3.0,3.0,10057.0,0.0,Suburbs,611864.66
2093.0,6.0,4.0,2001.0,2.0,3.0,18278.0,1.0,Suburbs,529446.13
2953.0,4.0,4.0,1992.0,3.0,3.0,19442.0,0.0,Downtown,820768.84
2936.0,6.0,1.0,1966.0,1.0,2.0,13795.0,0.0,Suburbs,506600.14
3768.0,4.0,1.0,1971.0,0.0,3.0,14495.0,0.0,Waterfront,962802.65
1693.0,1.0,4.5,2004.0,1.0,3.0,13051.0,0.0,Waterfront,602181.69
2065.0,6.0,1.5,1995.0,2.0,2.0,7105.0,0.0,Rural,288218.03
1677.0,5.0,1.5,1967.0,1.0,1.0,17962.0,0.0,Suburbs,365125.62
1903.0,5.0,2.5,2014.0,3.0,3.0,2613.0,0.0,Uptown,487922.59
1309.0,6.0,4.5,2022.0,0.0,2.0,3053.0,1.0,Rural,227594.6
760.0,2.0,4.0,1996.0,2.0,2.0,12832.0,0.0,Downtown,341897.39
4737.0,6.0,3.0,1966.0,1.0,3.0,17079.0,1.0,Waterfront,1260043.38
927.0,2.0,1.0,2019.0,0.0,1.0,16657.0,0.0,Waterfront,446363.46
4508.0,6.0,2.5,1967.0,2.0,2.0,14202.0,0.0,Waterfront,1186415.46
613.0,2.0,3.0,1982.0,3.0,1.0,8773.0,1.0,Downtown,330285.89
4021.0,4.0,1.5,2013.0,2.0,1.0,8480.0,0.0,Waterfront,1035991.32
2045.0,5.0,3.0,1988.0,0.0,3.0,9662.0,0.0,Rural,257398.11
2878.0,1.0,1.5,1967.0,0.0,2.0,6614.0,0.0,Uptown,517562.8
1842.0,1.0,2.5,1955.0,1.0,1.0,9544.0,0.0,Downtown,455102.63
2759.0,6.0,1.0,1976.0,2.0,2.0,3886.0,0.0,Uptown,619576.65
2587.0,1.0,3.0,1999.0,1.0,1.0,7757.0,0.0,Suburbs,434706.29
2931.0,4.0,4.0,2002.0,1.0,3.0,18940.0,1.0,Waterfront,935547.85
2330.0,6.0,1.0,1966.0,3.0,1.0,14725.0,0.0,Suburbs,508028.45
2961.0,4.0,4.0,1961.0,0.0,2.0,4554.0,0.0,Suburbs,462116.54
4232.0,3.0,3.5,2001.0,0.0,2.0,7153.0,0.0,Waterfront,1079556.33
2512.0,3.0,4.0,1961.0,0.0,1.0,6670.0,0.0,Downtown,565403.92
2190.0,4.0,4.0,1954.0,3.0,3.0,7070.0,0.0,Waterfront,649186.78
1179.0,4.0,1.5,1985.0,1.0,2.0,14440.0,1.0,Waterfront,523008.95
2183.0,4.0,3.5,1992.0,0.0,2.0,18111.0,0.0,Suburbs,446887.89
1153.0,1.0,3.0,1968.0,1.0,2.0,14783.0,0.0,Rural,180199.5
1403.0,4.0,1.5,1965.0,3.0,3.0,10792.0,1.0,Rural,313633.35
4790.0,5.0,2.0,1967.0,2.0,1.0,4893.0,0.0,Uptown,887796.91
993.0,5.0,4.0,1975.0,0.0,3.0,4572.0,0.0,Rural,187880.24
2721.0,1.0,3.0,1950.0,0.0,2.0,16655.0,0.0,Downtown,641686.02
4271.0,5.0,2.0,1950.0,0.0,1.0,14197.0,0.0,Uptown,812189.52
4795.0,5.0,2.0,1977.0,3.0,2.0,11185.0,0.0,Uptown,969295.21
1245.0,2.0,4.5,1951.0,0.0,3.0,12390.0,1.0,Uptown,346291.46
1319.0,6.0,2.0,1973.0,1.0,1.0,17273.0,0.0,Waterfront,530860.39
2239.0,4.0,1.0,1992.0,1.0,2.0,16649.0,0.0,Waterfront,709857.29
3039.0,3.0,3.0,1952.0,2.0,2.0,3571.0,0.0,Rural,367070.68
4824.0,5.0,4.0,1995.0,2.0,3.0,9112.0,1.0,Uptown,968437.08
1514.0,4.0,1.0,1995.0,3.0,2.0,2770.0,0.0,Uptown,400816.29
1323.0,4.0,2.5,1992.0,1.0,3.0,8926.0,1.0,Downtown,466879.22
1714.0,2.0,2.5,1996.0,1.0,3.0,13466.0,0.0,Uptown,492668.96
4447.0,6.0,1.5,2009.0,1.0,3.0,5751.0,1.0,Suburbs,669176.92
732.0,6.0,3.0,1955.0,0.0,2.0,4700.0,0.0,Waterfront,354623.08
2272.0,1.0,2.5,1962.0,2.0,3.0,10837.0,0.0,Rural,282325.03
1123.0,5.0,1.5,1973.0,2.0,1.0,11449.0,0.0,Waterfront,496730.1
1291.0,1.0,2.5,2000.0,1.0,3.0,14854.0,1.0,Waterfront,520301.95
4635.0,3.0,4.0,2014.0,3.0,3.0,2253.0,0.0,Uptown,884191.08
607.0,6.0,4.5,2017.0,0.0,1.0,6463.0,0.0,Uptown,288381.08
2015.0,2.0,3.0,1993.0,3.0,2.0,16039.0,0.0,Rural,278735.61
4628.0,3.0,2.5,1980.0,2.0,3.0,14276.0,0.0,Uptown,884914.67
3276.0,2.0,4.0,1980.0,0.0,1.0,18192.0,1.0,Suburbs,567369.72
915.0,5.0,1.5,1954.0,2.0,3.0,16666.0,1.0,Rural,226919.28
2646.0,3.0,3.0,1984.0,3.0,3.0,17100.0,0.0,Uptown,636602.19
4873.0,4.0,3.5,1987.0,1.0,3.0,11192.0,0.0,Waterfront,1198660.16
2362.0,6.0,3.0,1965.0,1.0,1.0,19251.0,0.0,Suburbs,440350.07
2926.0,4.0,1.5,2006.0,3.0,3.0,9487.0,0.0,Uptown,650427.5
2940.0,5.0,3.0,2010.0,0.0,3.0,18256.0,0.0,Uptown,727939.67
3506.0,1.0,3.5,1972.0,0.0,1.0,9053.0,0.0,Waterfront,864965.51
1424.0,2.0,4.5,2017.0,2.0,3.0,9992.0,0.0,Uptown,430876.95
4295.0,6.0,1.0,1957.0,3.0,2.0,14342.0,0.0,Downtown,992685.32
4950.0,6.0,3.0,2017.0,2.0,3.0,9170.0,0.0,Suburbs,767743.49
1227.0,4.0,4.5,2006.0,0.0,1.0,4647.0,0.0,Waterfront,484890.97
4201.0,3.0,2.0,1966.0,2.0,3.0,18132.0,1.0,Suburbs,764674.06
4195.0,2.0,3.0,1998.0,1.0,2.0,10153.0,0.0,Suburbs,652285.59
3863.0,6.0,1.5,1972.0,3.0,1.0,18685.0,0.0,Downtown,1014786.15
2232.0,5.0,3.0,2009.0,2.0,2.0,9184.0,0.0,Rural,295307.44
2663.0,2.0,3.0,1961.0,1.0,3.0,19512.0,0.0,Downtown,670571.02
4293.0,4.0,1.0,1968.0,2.0,3.0,12852.0,0.0,Suburbs,662679.41
1272.0,4.0,1.0,1972.0,2.0,1.0,15830.0,0.0,Rural,221585.74
4247.0,3.0,3.0,1964.0,2.0,3.0,15600.0,0.0,Waterfront,1163465.66
4651.0,6.0,1.0,1974.0,1.0,2.0,5636.0,0.0,Suburbs,683671.02
3600.0,1.0,2.0,1994.0,2.0,1.0,16679.0,1.0,Suburbs,597303.6
2102.0,2.0,1.0,1996.0,0.0,2.0,19010.0,0.0,Downtown,563424.53
3060.0,1.0,4.0,1990.0,1.0,3.0,13901.0,0.0,Uptown,691631.8
820.0,5.0,3.0,1964.0,1.0,1.0,19049.0,0.0,Waterfront,493804.54
4700.0,4.0,4.0,1964.0,2.0,1.0,17230.0,0.0,Suburbs,745413.05
2106.0,6.0,1.5,2018.0,3.0,1.0,13991.0,1.0,Suburbs,435780.4
851.0,4.0,1.0,1968.0,3.0,2.0,10590.0,0.0,Suburbs,232855.16
4096.0,1.0,3.5,1957.0,1.0,1.0,17431.0,0.0,Waterfront,1077071.1
3493.0,3.0,3.5,1983.0,2.0,3.0,5339.0,0.0,Uptown,717038.95
3340.0,1.0,4.5,1950.0,0.0,1.0,12101.0,0.0,Rural,367110.03
838.0,5.0,4.5,1975.0,1.0,1.0,16683.0,1.0,Rural,268463.33
3904.0,5.0,4.0,2013.0,2.0,1.0,18995.0,0.0,Rural,537876.66
3404.0,6.0,1.5,1969.0,2.0,3.0,6808.0,0.0,Uptown,702751.51
4092.0,3.0,2.0,2002.0,3.0,3.0,3690.0,1.0,Uptown,814673.21
4241.0,2.0,4.5,1986.0,1.0,1.0,8000.0,1.0,Uptown,813098.83
1532.0,1.0,3.0,1976.0,3.0,2.0,17552.0,1.0,Downtown,537204.92
1527.0,3.0,4.0,1998.0,3.0,3.0,11429.0,0.0,Uptown,429573.13
4665.0,3.0,3.0,1994.0,2.0,3.0,2999.0,0.0,Waterfront,1067052.34
2937.0,5.0,1.0,1973.0,0.0,1.0,4148.0,0.0,Downtown,592785.53
2527.0,5.0,2.0,1966.0,1.0,3.0,8104.0,0.0,Waterfront,743844.43
1863.0,1.0,4.5,2017.0,3.0,3.0,8169.0,0.0,Uptown,450971.19
3412.0,2.0,3.0,1962.0,2.0,3.0,4435.0,0.0,Suburbs,574964.06
3918.0,4.0,1.5,2021.0,3.0,2.0,10895.0,0.0,Downtown,898509.55
610.0,3.0,1.0,1984.0,3.0,2.0,10624.0,0.0,Rural,204937.75
3032.0,1.0,4.5,2023.0,0.0,3.0,5587.0,0.0,Downtown,679358.64
4971.0,6.0,4.0,1976.0,3.0,3.0,6180.0,0.0,Uptown,930370.33
1835.0,5.0,4.0,1991.0,1.0,2.0,13960.0,0.0,Downtown,607774.47
1836.0,4.0,1.0,1995.0,3.0,3.0,19138.0,0.0,Waterfront,735542.64
